id.vornamenachnamegeschlstrassestrnummerpostleitzahlort@edu.tbz.ch;oTu72ChNV7ht0uzZ
1.mlodievandervliespolygender11221mifflinterrace5pacucha@edu.tbz.ch;WMDqEuTMhC15dxSg
2.angleedgecumbemale47314mayfieldjunction269470000tef@edu.tbz.ch;Ftx/N1h/WFfjWxue
3.zhandreassonmale46136unionroad2moutsamoudou@edu.tbz.ch;xFLxtwafsVtd0mWl
4.judicalkoppeckfemale653trailswaycourt76403kuidou@edu.tbz.ch;uc1FGrrC+MB6djbC
5.brengrecapronfemale0076farragutstreet1fushmuhurr@edu.tbz.ch;E3eGeWzIZ/yn3F0Q
6.loniebrosinimale0315debrastreet84583412chilecito@edu.tbz.ch;YhAFUEmXRL3Wxgs3
7.vnusgarfitfemale8southhill66maojiadian@edu.tbz.ch;QocBzt+DMczEYuRD
8.mlinajanotagenderqueer82822baydrive81821ouaoula@edu.tbz.ch;yzWkMfqP3VelXwef
9.laurnebakefemale1townedrive8392jingan@edu.tbz.ch;taKP3iVWi1zOj/Iw
10.rginedorkinsmale149baysidehill0011khoa@edu.tbz.ch;1yhLo0GlVtmzY715
11.ccilemoffetmale2kimhill62kalyny@edu.tbz.ch;CSCWmEGO65Svv+Vj
12.malannlabronemale22utahhill837746401frdlant@edu.tbz.ch;Ooli4aLbaPJtSL2L
13.mlindanewboldmale896shoshonepass7masis@edu.tbz.ch;pVad4l0Y/0l/6EUa
14.mnsitzhakfemale3470karstenspark7tiremantimur@edu.tbz.ch;aI/SXQjFohdGF5r8
15.mlodiepattlelmale8006carpenterroad216550erie@edu.tbz.ch;ffueWHEyKQvuD/3i
16.clinebonettfemale1886randyterrace06275kaoshan@edu.tbz.ch;UIdymTwdtzeqYOFw
17.adliemcgrealfemale59uphamcircle7317shicong@edu.tbz.ch;HNKOwVQwppCEoQOG
18.hlnesoldanfemale6pineviewalley943329930000somateus@edu.tbz.ch;6/Hl4XfrSxxls7y3
19.michlecluerfemale8217melvinavenue6111555ilangay@edu.tbz.ch;Sjf3ymHvq9vojWbk
20.malinemllermale1797throad868tabanan@edu.tbz.ch;3wluwxeTVhcRVs9e
21.malannbeneditomale83kinsmanpark72589630224algarvia@edu.tbz.ch;bIq5JhqjwT/qJqxN
22.nugransdenmale553vermontavenue9328186730000astorga@edu.tbz.ch;t8eAb1r8DN5GDJz1
23.brengrestaintonfemale858dottieterrace60syevyerodonetsk@edu.tbz.ch;sGJJ7vl92GhEd70A
24.wsabaterfemale0027barnettlane2743leiling@edu.tbz.ch;BnTigUXgIiBAIDx7
25.anascochranfemale8208summerridgeroad199795590000tramanda@edu.tbz.ch;6vsf8LpLTZoMQTaK
26.graldbessantmale3pawlingway43309srs@edu.tbz.ch;qvyU+GmSSRBPSL4Q
27.rucoffinfemale59042mcbridepass94895600000taquara@edu.tbz.ch;SqGmB9Wbc7RFXgGQ
28.mlodiemustillfemale6568thterrace95508erniusuokou@edu.tbz.ch;K76XphiWah/h2N9h
29.rustanesbymale2363twinpinesroad60280haoguantun@edu.tbz.ch;GnlNBq2oA18NGX+w
30.nomieantognellifemale907leroylane6321chengxiang@edu.tbz.ch;S90INq6PmD4J0ah9
31.malannhughsonfemale8molandroad8834745356essen@edu.tbz.ch;jPtR5dN06SMXca4N
32.milnamievillefemale1glacierhillpoint574longonjo@edu.tbz.ch;2WuA7S9JPYDxaqhS
33.malyschamberlinbigender03schmedemanplace248376905sanangelo@edu.tbz.ch;3be7kwZZbG7f5TqY
34.nadgetomalinmale414clemonsstreet0542taunan@edu.tbz.ch;Hvz2zZcrxY3KEseX
35.ocaneomaramale88264bayplaza95057160thoeng@edu.tbz.ch;jvTUduZ8kuwDYDin
36.ccileaguirrezabalamale69011gatewaydrive922wangbuzhuang@edu.tbz.ch;OH5CPdCfDsBi31FP
37.mallagwillimfemale438melbyjunction013700calinaoanmalasin@edu.tbz.ch;Gh0kf2BKiL7X7rd7
38.lamcgaheybigender06814westendcircle278109puntaalta@edu.tbz.ch;IxXBWhL+5a03yixE
39.laurnehagertypolygender52006bobwhitealley4338sanlifan@edu.tbz.ch;uNhu9K/hddeXjjq7
40.dorothelinkagender3randycrossing3137labuhandeli@edu.tbz.ch;/q0KW0Ii5+vII2Yv
41.clmentinekynseyagender113birchwoodcircle46753laesmeralda@edu.tbz.ch;uMSjO0nzvUlG0RkR
42.lornesmithermanmale29054elmsidepoint3wongayakaja@edu.tbz.ch;TZ+eWDVisz+h4Tb2
43.clopatreklulicekmale9waubesaplace664cidadap@edu.tbz.ch;SdzTrov5lvxyqiPs
44.laurnecastanedafemale9627laurelpoint349ththa@edu.tbz.ch;ddn84b3iSwkRa+Gp
45.mliaconstantfemale5731warnercircle677311515mibu@edu.tbz.ch;UvSLbN7yJt7EEyrn
46.lucrcecluniemale87746ileneparkway57247017binucayan@edu.tbz.ch;9OZPmUqU/9A7utEY
47.elonoremcmurthymale2212carberryplaza051146860virojoki@edu.tbz.ch;XavK5yZtHPpdPB13
48.mliabevarmale7lillianlane76802maydolong@edu.tbz.ch;hn6mfszUk/EUubt9
49.camliabontinefemale17409beilfussterrace011503mercedes@edu.tbz.ch;IWlE1hLMdAzNiYUP
50.mthodejozefczakmale63mestapoint637841jaroovnadnerkou@edu.tbz.ch;Cf1terRHgRHWOSG7
51.audrannehinschemale781fordemroad8893kanay@edu.tbz.ch;SLRDof+Tl106EoP0
52.andrevarnemale06664shermanterrace645chaiwan@edu.tbz.ch;DArkQISgPmoS0Tt9
53.mrtenkinleysidefemale268fairviewpark30245chengbei@edu.tbz.ch;2CTRdNH0ycopzwKy
54.estvemcewanfemale10419rigneypark653345opatovicenadlabem@edu.tbz.ch;a/7B/LciBJxcaxux
55.lanedibbertmale7marylandpoint24139660033seto@edu.tbz.ch;0Aq1umSeowe30BJa
56.mthewlismale700nobelpass40852goght@edu.tbz.ch;EhvFZLCoe3Af12c2
57.cladjurkovicfemale7delladonnalane4477414cedexclayesouilly@edu.tbz.ch;g9djb9UWAQEtjGGO
58.rachlereburnmale86bonnerroad237umbanyar@edu.tbz.ch;FPuwkoNsR5XTEzFG
59.graldgowlingfemale816abergplace692021040cedexdijon@edu.tbz.ch;Fb3ZBa508mV+jEgB
60.clopatrejacksonmale838melbyalley20denglong@edu.tbz.ch;eej34AV1vxlFLKSI
61.desirehaskinsmale2crowleypark98341marshintsy@edu.tbz.ch;vKlFauQCaCj7Xzmn
62.elonorelongsonfemale101haukstreet80wuma@edu.tbz.ch;DOZYK8b1b1eZV5IG
63.lanedybellfemale4sommerslane41528d04cabinteely@edu.tbz.ch;o3OVEIrZnzcSnWgR
64.bcassinegrzesiakfemale9378melodyplace82146862fortwayne@edu.tbz.ch;BLPASkt3ZNuviig7
65.mariejosepickinmale56scottplace90khovd@edu.tbz.ch;MVs+TDuFHSRdlUQL
66.mariejoseroxbymale19pankratzstreet533250017kuroiso@edu.tbz.ch;YqThqoboOmd49G2A
67.loniefeenanmale8abergdrive9sumberan@edu.tbz.ch;9frPevM88RLSLG51
68.valrieellumfemale69forsterlane357chuanshan@edu.tbz.ch;wXW6DgAboozkACmu
69.jcaserifemale286thalley030034cedex1nmes@edu.tbz.ch;wzdigUdnAi36YiH7
70.brjestrangmanfemale4scovilletrail718768301rousnov@edu.tbz.ch;iHLAmgmLyg3P0v6Q
71.batriceghidellimale56581fieldstoneplace273594610475ponte@edu.tbz.ch;f8jf5xzgYVjGEkju
72.djablonskifemale65304lakewoodlane31474batangtoru@edu.tbz.ch;TBl+JQbDpUu7baPf
73.ubeveridgemale134crowleyparkway74751lapuertadesanjos@edu.tbz.ch;YJdo/+uGtZeXIuqf
74.valriebestmanmale268ridgeoakcrossing38klimavichy@edu.tbz.ch;ALVix2/bfovBOvkr
75.marlnepohlsfemale7victoriacrossing8tianzhu@edu.tbz.ch;R7V4oS7q88We4EYp
76.mnoldafemale65heffernanroad3302970294cotovia@edu.tbz.ch;ZNm9EFIwwPGh8bqH
77.marlnebisikermale480tonypark0165401tamberas@edu.tbz.ch;jyI7gx25Svwl4gOj
78.estebabonmale15arapahoepark827153401choasaidnshh@edu.tbz.ch;CXTQPTlUSVqyE3rJ
79.simplifisdmisekfemale97869artisanpass84757792hultsfred@edu.tbz.ch;7X4fWmv/sCwupEcn
80.slneganingfemale43lakewoodtrail65507looc@edu.tbz.ch;ZIykHE8OPlaHJs9S
81.mrylpenkemale61444prairieviewcrossing034sumbuya@edu.tbz.ch;emFjtowqiScCUe4j
82.anasrawclifffemale28103holmberghill430dawuhanmangli@edu.tbz.ch;pGNNf2q8pybCLjwV
83.mlinaandrifemale76clemonscircle7653942963cedex9sainttienne@edu.tbz.ch;qehX0YAFQXLKz8kw
84.audrannefoddenmale167meadowvalleyplaza20managua@edu.tbz.ch;QdgnZZSMaRoSTv3Z
85.bjrnspellesymale49rothalley38011szkesfehrvr@edu.tbz.ch;q3IFiHKElTXxxjdC
86.franoisesummerscalesmale20bricksonparkdrive22213padangan@edu.tbz.ch;m+GUR0pkNV+s9rz/
87.laurneashtonhurstfemale7526stonecornerparkway22134741kasinawielka@edu.tbz.ch;slO3M6kwNi4hR3K8
88.valriepettersfemale670warnerroad0465krajankeboromo@edu.tbz.ch;suBiWRJhlyo1B+Ej
89.analspenclayfemale83dortonway028134460szczawnica@edu.tbz.ch;i2njq0S48d9zMjOy
90.stphaniekeechfemale761beilfusspass2950pailiao@edu.tbz.ch;1Mt2WKUpWvNOoCA9
91.insdeverilmale98967continentalplaza54670simpang@edu.tbz.ch;S0dbclpFC5lp7FM9
92.brnicegeldermale78686sugarroad0871394414cedexsaintmaurice@edu.tbz.ch;6FpBwfNrNTFEWFXD
93.mlanieofogertyfemale9214mosineeplace18732994128ami@edu.tbz.ch;ovUCY2bL/yM1xave
94.frdriquecanepefemale624norwaymaplepark883061060jagupit@edu.tbz.ch;hOKAD0g041vScjS+
95.nuottonmale45pondcenter27cendagah@edu.tbz.ch;I4s0FH4f3LcHHNHW
96.genevivetruslerfemale5corscotplace42689500000caador@edu.tbz.ch;sOB4icIoDECA1Ji+
97.jboagmale5cascadepass952baun@edu.tbz.ch;dvxbxg/FRqJlYkO5
98.josphinediluciafemale973forsterplaza39pondokrejowetan@edu.tbz.ch;Ty0sShxN6/yync2l
99.laurnearmsdenmale8sachsavenue89767130moro@edu.tbz.ch;jzNsO95+T1v0Ozw0
100.bcassinegriffemale04johnsonhill49726120nakhonnayok@edu.tbz.ch;dP/1KN/eMuDzaRdw
101.alosparresfemale92rockefellerpass532oemollo@edu.tbz.ch;ab4ugYGmXNdifjEI
102.clopatregaffeymale97258eliotpark8513chmi@edu.tbz.ch;1/Cg3oVbi5YyILLb
103.andrstigermale29washingtonplace87674184tulsa@edu.tbz.ch;WPo6zWdGMs/eIlin
104.batricegodlemanfemale256waubesastreet371808nangka@edu.tbz.ch;K4hTfh9gAfizRIZd
105.hkanharrhynonbinary5941cottonwoodcrossing94190018popayn@edu.tbz.ch;IT3wzvk6ByGfvUIF
106.clestinedagnanmale5276lienpoint0301438221kjov@edu.tbz.ch;aspnXegbNUce+xYd
107.clmencehaggartmale7977westporttrail0274950830giesteira@edu.tbz.ch;Pvwn7z8vImy8H3QO
108.lngcabanfemale37magdelinehill2309642novyyoskol@edu.tbz.ch;fEbXE80v4+W4TIeG
109.gatanegrimblemale45122morrowlane56439dashi@edu.tbz.ch;BFboCownQdr9O3/y
110.malannpiwallgenderqueer25roxburyhill467wenchang@edu.tbz.ch;QMvLuJ7bUF7rGYVH
111.magdalneloblemale53247ridgeoakstreet2zharkent@edu.tbz.ch;Qwn7SX9duGjcqVVR
112.vroniquedomaschkepolygender1374tennesseepoint4pirca@edu.tbz.ch;zUlESzE/K40gJu6Y
113.claherityfemale558jeniferparkway453duozhu@edu.tbz.ch;lM0K9TK62u2iGlbW
114.malannbambroughfemale89sachtjenalley5975832cedex17paris17@edu.tbz.ch;vIT+xqperfhFG1OI
115.clagoulstonefemale6329hansonroad8649240chemal@edu.tbz.ch;oO58siCbj/JHikug
116.renedeleekfemale6392shopkoroad9886azzintn@edu.tbz.ch;AaiM+IxOzFZo+7+Z
117.brjerudderhamfemale2925swallowpark137490000sogonalodosapuca@edu.tbz.ch;lhGimz1wsWCk0ZGQ
118.marylnebrounemale923redwingcenter6kebonbencoy@edu.tbz.ch;3Bz2aunSTrIrFmgb
119.nadgemccuishmale76reinkestreet1shizong@edu.tbz.ch;xyFYkgQQX0de3EkL
120.anallittleoverfemale940helenaroad2974hulng@edu.tbz.ch;+uzFrht/9w58wdIA
121.libaumefemale60405karstensalley6274000chittagong@edu.tbz.ch;d6C+VEz2IGBmecQa
122.mallamurrowmale7summerridgeway803700819duasigrejas@edu.tbz.ch;gxRAMB4keNeSeKGr
123.clopatrepettiformale2hollowridgepark15703366319mayrtup@edu.tbz.ch;M5EKzf2LbMR/w6+r
124.graldineaskerfemale44boydhill289074313breapozo@edu.tbz.ch;UmQD+Kvt6astx4ML
125.gatanesmedmorefemale2manleydrive703331424strawberryhills@edu.tbz.ch;5ah1LGmn52im+sLN
126.mrylblencoefemale02badeaucrossing45875345cedex07paris07@edu.tbz.ch;FFihJY8raHuiwweW
127.aurliechastaingfemale0062johnsonlane47031sanpablo@edu.tbz.ch;ITIj//S7tk/WygYZ
128.ocannemarthenfemale861pearsonroad3640fir@edu.tbz.ch;DpHnYwPDXCFswkHm
129.dorotheburrillfemale1503meadowridgeplace85773947kozlovice@edu.tbz.ch;cxhKW7RgMEfxtaFo
130.hkanbeldenmale94jayparkway945464892grimstad@edu.tbz.ch;nMm0yPJ8sC2nqzB1
131.clinebrunningmale66994florencecourt82907marcos@edu.tbz.ch;XwZl67iWfwOkNmHA
132.anallapidesmale4namekagonlane4812743skrholmen@edu.tbz.ch;RGURHo7PMYv2hMbl
133.rusaffranfemale1corbenway136200000barbacena@edu.tbz.ch;HTM9hQ6ZOmGysQfC
134.locgerretsenmale0harbortcourt08468655thulamahashi@edu.tbz.ch;V9n7KMnRoamBU8C6
135.rufitzermale80128hollowridgealley271368034glubokiy@edu.tbz.ch;wW3qL4Xkb0X8cBVX
136.annoteogersmale636erieavenue77850320nongdon@edu.tbz.ch;iiBnyCSb7rNVnLHP
137.brjebindinfemale8florencepark6158kebonkaret@edu.tbz.ch;ZY3m55MLbRwaMiRo
138.mcroncheyfemale49123pawlingcourt01074budapest@edu.tbz.ch;2X3gooLHkJTpYpJx
139.laurliebaiylemale56nobellane506pingding@edu.tbz.ch;nbdPXapmgz+4JlO+
140.dorotheolderfemale81306riederavenue66081guicheng@edu.tbz.ch;fMkqgYucDTadhCek
141.laurnawilemale808schmedemandrive476xiongguan@edu.tbz.ch;GF5SAULhD+wOsMbV
142.clmencebritofemale6591basilcircle8388970055alcoutim@edu.tbz.ch;LBvtTRqYgVOmnA5S
143.nadgedallinmale7042trailswaytrail72nuevaloja@edu.tbz.ch;aBo1WvAzgYKd9pem
144.malismatleyfemale1287norwaymapleroad26409banjarbudakeling@edu.tbz.ch;alckb2vB/w0pzL+A
145.danilescreatonfemale92vernonplaza1084jietou@edu.tbz.ch;z5lxYvVl2DVZG+mI
146.mdiamassgodlymale97grasskampdrive27799faratsiho@edu.tbz.ch;WCpHQGn7eyi0MwUM
147.lonekremermale36marylandavenue31575enjitsu@edu.tbz.ch;fbHJ61ZONmXbF+j/
148.saadrianmale3glendalepass26beidajie@edu.tbz.ch;CRPl7Q1xdhrFTsl6
149.adledoleyagender0loganpass481huangdu@edu.tbz.ch;yFXKgz2IpeS9zwWw
150.fisidneyfemale489pepperwoodstreet2642songjiang@edu.tbz.ch;dlE2obP+zhCPk3C3
151.mariejosewalisiakfemale04greenridgejunction840428540000cordeiro@edu.tbz.ch;vJBxMPSWvtaJqjlJ
152.desirediplockfemale1lukkencenter49707037colos@edu.tbz.ch;3ClOlOYgNERIJHXA
153.gisleschustpolygender35katiedrive1792nanshi@edu.tbz.ch;0IFjk0JGvCWN411y
154.mlongshawmale1916reindahlway502807calaba@edu.tbz.ch;Rl4OsCO+IQCLE89C
155.dboothermale7697pawlingpoint336lagi@edu.tbz.ch;gM228HFEifR8PcGA
156.simplifischaudhrymale2712forestdalestreet54025kotabesi@edu.tbz.ch;dYdNwrZjY2NCgA6W
157.garonbaniardfemale89334pearsonalley330103sanfrancisco@edu.tbz.ch;5vHvWTZ/X92FasMh
158.gataneelpheemale303menomoniealley222310kraniczyn@edu.tbz.ch;s7UvcXfFyHvvg3Qp
159.gislehasseybigender6486shelleytrail7101369101kannus@edu.tbz.ch;Aby2EFCK7lQd/xMK
160.ocannebooleymale41springviewlane19562265000varjota@edu.tbz.ch;R+Lgq22LM4FCqNO/
161.rjandibdenmale8butterfieldpoint30aimadamodo@edu.tbz.ch;s1nFoGuKTCqRwVGB
162.rgineoclearyfemale72morningcenter2858993221ijin@edu.tbz.ch;9Uy6WKJpLQ5njOcK
163.slneperssemale1butterfieldpoint30942164cedexandrzieuxbouthon@edu.tbz.ch;NR30jNnHkLiqv6Xm
164.hlnaadenotfemale314menomoniealley139yuanquan@edu.tbz.ch;QRzoKpYi+RmHmpHj
165.malannwassunggenderqueer718vernoncircle72985032429gaki@edu.tbz.ch;EQ7ZSQ9j647ozJB5
166.frdriqueackermannmale5scovillelane1290842152opatw@edu.tbz.ch;koO3T+A70Kmu+nFs
167.audrannekahenfemale72778eskerparkway108410510mella@edu.tbz.ch;D5DoSf3A+QwlE0A1
168.mawennlastymale2trailswaytrail252bolowa@edu.tbz.ch;ZonDG7mLpbK4c4GW
169.ydictusmale969colemantrail26513santafe@edu.tbz.ch;D8vF9MTg4FuMGXhx
170.anadukesmale054eastwoodjunction91251morave@edu.tbz.ch;DAGdmRCtvYIn75aN
171.ynorawarrpolygender84holmbergpass3373dapchi@edu.tbz.ch;GBEeyTFrqbJjWENC
172.esbjrnarchiboldfemale456shelleyavenue0544462604kocielec@edu.tbz.ch;VrUAHhltiGgMBswk
173.milnapardalmale9gatewayavenue3113bajopichanaqui@edu.tbz.ch;J542ZUsIcc4V+lLB
174.clestinegravestonmale0531butterfieldtrail1sanclemente@edu.tbz.ch;KzLz+YhIUuPKLorE
175.manadallasmale6sundownway18038singgit@edu.tbz.ch;AMDa28YaYe9Xtdr9
176.andretukefemale6northfieldterrace807anggana@edu.tbz.ch;+Vdo2s0EtEWgaYpV
177.mthodeseldnermale47kingslane2271guniushan@edu.tbz.ch;E85LHdt59OAzkyyN
178.vnusbullasmale331loomiscenter76525bato@edu.tbz.ch;oAzNqQzCIP/UkxDv
179.mnsaguirrezabalfemale32245sunfieldcenter275587490000novaolmpia@edu.tbz.ch;78Gr+cVY0YIXxFSk
180.galleeadingtonfemale0mallardpark5714taipingzhuang@edu.tbz.ch;I3E60UV8E6HrFXCX
181.anallefalknermale8704chiveplaza6320180sattahip@edu.tbz.ch;o97t3kDYdkw9txNZ
182.ophlieheightfemale04978kinsmanpass86changning@edu.tbz.ch;obu9x/sc2oyy9f+c
183.mrtenboldingmale6lakewoodalley09392747yatsuomachihigashikumisaka@edu.tbz.ch;AKDKzr4gP+ZlgJRh
184.plagieguswellfemale312arkansasstreet34kalepasan@edu.tbz.ch;1BepvkLdRPS2Junn
185.gwenallelecountfemale7345thcrossing54049trinidad@edu.tbz.ch;/h4HH67qXul5mylw
186.hkanladenfemale2serviceroad9335726811wymierzyce@edu.tbz.ch;a7sHmINMTFiKdqH8
187.mariejosehylandsmale7drydenway684wedangtemu@edu.tbz.ch;g2/bAZ77qvhf1KwX
188.zokingshottfemale27andersoncourt83arkalyk@edu.tbz.ch;RVbM0EDzAdml/dRX
189.josejanousmale4unioncircle97442780bessonovka@edu.tbz.ch;jltr/mzyEO4DFUpH
190.laurnegallallyfemale42cardinalroad812565522monteredondo@edu.tbz.ch;M5aC5G/BNTr2CqGZ
191.analbicklefemale7521hoepkertrail381559852wieradwzdrj@edu.tbz.ch;YiqvVh+GPXp8G1x4
192.mdiamasslebbernmale579nelsonhill193798skien@edu.tbz.ch;Dd+rbQjXpd6dE6pB
193.brengrehovymale7223pearsonhill05244334perez@edu.tbz.ch;gK09FFZrkZv6ApyD
194.rjankilmurrayfemale82818sunfieldroad596960rongelap@edu.tbz.ch;SRzrGyzO80Ar5yVZ
195.slgvennymale40jeniferstreet87562840000beberibe@edu.tbz.ch;mYPSHD56Lg9g8QLL
196.marienolstoadmale87holycrossterrace3524503sanantonio@edu.tbz.ch;OQ212pfDohbvcLA0
197.hkanpettiformale8galecourt8kamenica@edu.tbz.ch;GRyy3I5ustpBKY+V
198.mallawillgrassmale075debrajunction19072baota@edu.tbz.ch;7B+L7vBWIaf6uibQ
199.thrseludovicimale5351expresscourt76242725094memmartins@edu.tbz.ch;aESjVJ6tFwJD01QF
200.stphanietrewhittmale456portagecrossing27tyng@edu.tbz.ch;qURLF7iKvfFV/kUa
201.mrtabauducciomale31eschtrail52562635034riodemouro@edu.tbz.ch;k/yPoLV/vFpoJqDE
202.gataneglaisnermale1049doecrossingpark1daba@edu.tbz.ch;NjOQ11EFf8XsSrAR
203.navapargetermale6fieldstoneway511beloha@edu.tbz.ch;KO868QwVLH0mv/bb
204.salomvenablemale4930mcbridecrossing6765980ochla@edu.tbz.ch;D5zDgzW1zFi4KZy6
205.brjethickettmale96schmedemancenter82729blagoevgrad@edu.tbz.ch;x8S77/dCEAjXvhTx
206.lucrceprendergrassfemale7morningcenter6118thnhphhgiang@edu.tbz.ch;0AG81MqPfxmyp6BX
207.laurneockleshawmale35scofieldcourt082055180namuen@edu.tbz.ch;aW5+yp5mHydXxak2
208.cciliapasticznykfemale7076sullivanjunction09020910silverspring@edu.tbz.ch;vD/wX4I4nlSJsQ+f
209.stvinamackeymale18tennesseestreet6167528opatov@edu.tbz.ch;QAVPWenfK5NNo9tR
210.marienolrevenmale013quincypark174kalipare@edu.tbz.ch;OBbbX5vUqzdNN0Is
211.mlinaquilkinmale305summerviewhill485498880lafoa@edu.tbz.ch;ZhzaWNnQJG6kkzCv
212.marienolferriemale3372ramseyterrace84174jiutai@edu.tbz.ch;p6otFHvqYJRY4vVU
213.lonealphegemale1manleyhill06196851petroslavyanka@edu.tbz.ch;Yu8DXxmm+UvA+Txl
214.zoleversonmale8declarationtrail53529tanjungpati@edu.tbz.ch;QwnfvB2lDlg7enb5
215.annotsgraynefemale1bellgrovepark24744505youngstown@edu.tbz.ch;E2hxCs7iKvod+XZR
216.fateslalleyfemale005pierstorfflane2830texguat@edu.tbz.ch;Hd+c/A+JYEWk1Nf/
217.adlewallisfemale84milwaukeeavenue8kebonbencoy@edu.tbz.ch;HdSE1ask3XdjIvgK
218.sverinemadillfemale252fallviewplaza30779697208fuji@edu.tbz.ch;0oJRn4NTWaKKjujn
219.valrietebbgenderqueer8gatewaylane84628732strmsnsbruk@edu.tbz.ch;wcNBpimT/hvLfxx4
220.kallistraspermale7413tennysontrail261jingu@edu.tbz.ch;IW+rN695RMreDxPM
221.audrannepalombafemale0081lukkenstreet8kebonsarikidul@edu.tbz.ch;Oz9JPpKYrVOKSCep
222.elaadamikfemale4arrowoodcircle29210175newyorkcity@edu.tbz.ch;704myWpPf4gW1eD+
223.rservsjakuszewskimale81696farmcoavenue9788613820000jaguarina@edu.tbz.ch;w3IKElNe1sOf7xS7
224.athnabelhommefemale451mandrakepoint65530pelabuhanratu@edu.tbz.ch;U5i3+i+4BDFouOQ3
225.rbeccacrippinfemale774garrisoncircle237shangqiu@edu.tbz.ch;Xy3Zv1nsvwHsWZhL
226.mawenncurmanmale82vernonparkway73140327probotov@edu.tbz.ch;87dYDllmfrTWDIOX
227.andrebunnermale04malloryhill2387390000boaesperana@edu.tbz.ch;yWah4owpWjvqh8O4
228.ruwincklesmale0quincycourt9482011623stockholm@edu.tbz.ch;MQQAZRWoWzdcnWhO
229.navabuntinemale8tomscotplace228nuevahelvecia@edu.tbz.ch;dbZjVtpU2RYZ9sNL
230.brjedollardmale0hansonroad07022380638vilamoreira@edu.tbz.ch;/pnJ4ihuhqJBO7JQ
231.pnlopegormanfemale26schlimgentrail91487klokot@edu.tbz.ch;KE2TXPKjEUnAWqPs
232.alosrobelinmale43haganway94581eerdunwula@edu.tbz.ch;dB2RNn5JYw+TzaPG
233.analletindlepolygender708raventrail30954950332pomar@edu.tbz.ch;MsYtYrifD88fX7ys
234.yfrearsmale7cordeliacenter7kapsanp@edu.tbz.ch;kkafX2jERxSU8RZf
235.andreovidfemale81670harperpark63263kamenica@edu.tbz.ch;/oHVZstUO5uu/20a
236.hkanpeatmale22707westerfieldhill22940317chabaovice@edu.tbz.ch;BzI23fawy93yl/cD
237.andrjanuszewskinonbinary56divisionpoint7562526021daleszyce@edu.tbz.ch;47qmjSOrY0uPO+gu
238.annotsclemmettfemale2246liencenter408atambua@edu.tbz.ch;tJvT0WIhkGCzcGKm
239.pllambswoodmale649hovdedrive37p24cobh@edu.tbz.ch;BlxWHb9PWC9vaFGt
240.yolentonmale60820declarationway563150000campossales@edu.tbz.ch;m/hz3Siy1OpVFJxQ
241.hkanboytonmale0127crescentoaksplaza256starilec@edu.tbz.ch;60omOY3rsOMcjjQ+
242.nlieforseyfemale3764haganstreet190winangun@edu.tbz.ch;4jYA5zHYCPEc1c9h
243.hkanhorchefemale4684crestlinehill435022cedex2rennes@edu.tbz.ch;PXajxiiKwTF4Utu1
244.lornesinkingsgenderqueer5066sauthoffalley2446800koshki@edu.tbz.ch;46FbsAA0a21U7PrN
245.mariethrsecreddonfemale4845sunfieldpark45segbwema@edu.tbz.ch;ewhUoEFcmorsA6FK
246.brnicetolworthyfemale47319dapinhill93yalagina@edu.tbz.ch;tYmE9fMyxliG54DH
247.thrsalandmale4143delladonnaplaza8chenhu@edu.tbz.ch;v5U9zONR5PRakY/K
248.mariethrsegianillimale532ndparkway2421wanger@edu.tbz.ch;cFb054JoYKKHCaT0
249.mrylglewfemale2ileneplace99934114bangonay@edu.tbz.ch;hEC80VkI6XL6k/L3
250.adledeblingfemale60steenslandavenue419618284shirokovskiy@edu.tbz.ch;rUon34IrIJh3ic+U
251.anametzkefemale3672cherokeetrail05sintungtimur@edu.tbz.ch;gL0M/6oeP4mJoHDX
252.gatanegoodennonbinary9439gatewayhill36004kecskemt@edu.tbz.ch;Q9+DbceYxocAQC6P
253.lalabootlandmale192gatewaytrail2ongi@edu.tbz.ch;p8sY26E1YQgGYO/N
254.mathelsdonfemale0387pankratzcircle033kogon@edu.tbz.ch;Vbks3FFH9gsPil/l
255.andremalleyfemale609dortonjunction066410benitojuarez@edu.tbz.ch;xHUj3rGS2dk2KVWy
256.plsimmensmale73novickcircle6626630jedlnialetnisko@edu.tbz.ch;OxfvRrvV25jPz7Fu
257.malysnuccitellipolygender5claremontway7huicheng@edu.tbz.ch;kR01ex3fHBJu22Ot
258.dafnesibarymale06954magdelineparkway0656159570000cearmirim@edu.tbz.ch;eLVBTGpY9W2S9iSp
259.alosharsnepfemale7mapleavenue3820pepe@edu.tbz.ch;+1v7WeE2sWAa9yUq
260.mariehlnelackyfemale95springviewlane7662shuangkou@edu.tbz.ch;aRRBwjyPYbtQn7W9
261.mylneyouthedmale68vahlenroad8erandique@edu.tbz.ch;/YFi41s+Lg3i7Xf+
262.mariehlnedehmelfemale905gulsethway181195105santacruz@edu.tbz.ch;59OK99YVVX/HZRzV
263.anglebatmanmale236bluejaylane9969prmachoi@edu.tbz.ch;iJ8A6I2t/o7zF+VT
264.mliayounghusbandfemale38332darwinpark56725190simahosot@edu.tbz.ch;xTiYaxRYfXNbaCmp
265.elosebaldimale11905northhill25hongchang@edu.tbz.ch;SL00iFgdUH3qDw3T
266.illustredunfemale5eriepoint713300265folques@edu.tbz.ch;SGfRfIk8iX8udA8C
267.genevivelategenderfluid916fairfielddrive5patrol@edu.tbz.ch;Z/r/NsfTHkBynDim
268.clestinecolvillemale663summerviewcenter3573portonovo@edu.tbz.ch;/Q2f6HxJuMzL2OFM
269.gwenallescarlonfemale8goodlandlane345shuanglong@edu.tbz.ch;xuQV1pnKZPAycJft
270.rgineboddiefemale244summerridgeroad35222385436starayastanitsa@edu.tbz.ch;Jk4RZtGMAVQz/DYp
271.crzgaughanmale378bricksonparkterrace40kanggyesi@edu.tbz.ch;je9nEONL1VYy36nR
272.gaalongfordfemale26725loeprichpass462560000marco@edu.tbz.ch;Pu+M8z3m0tRT/tqS
273.malisbuckbynonbinary06columbuscenter69349zrkos@edu.tbz.ch;nG1Lq0QJInwGDE0g
274.sngparbrookfemale8837maplewoodpark1553263milwaukee@edu.tbz.ch;KDDsa0dHWI6fmpmE
275.frdriqueheddanfemale9jayparkway03450malikisi@edu.tbz.ch;NHWUJKX5xFfNsz3a
276.kekirtlanfemale593rigneyroad111430korsze@edu.tbz.ch;LQ6Eb+SbN6pGHU2n
277.nlieruncimanfemale246greenavenue64yongning@edu.tbz.ch;F6D+5BPVJfKR9DkE
278.maliscardnellfemale70eschcourt244335malibongeast@edu.tbz.ch;2wugYm1jBlfTsYM0
279.irnenavarrononbinary7monumentcircle2676000jamshoro@edu.tbz.ch;IiyPwRjhQCnfF1CZ
280.matcoughmale1198westridgecircle81169692769galbshtadt@edu.tbz.ch;twLjn/aZP+YL/3Bw
281.anallestockyfemale66552merricklane10984930250insua@edu.tbz.ch;rtQ8+MRDYUXULNVh
282.mthodemouldermale23291crowleyhill63744150nekoski@edu.tbz.ch;0pYgRnk2qWB8SuFs
283.pstaffordgenderfluid46emmetlane922302orizari@edu.tbz.ch;1NrmiPdhTTUxlz99
284.fatesscraggsfemale39798southridgeterrace33jidong@edu.tbz.ch;hJNOzq1AjUb1uKId
285.adladedullardfemale3sageavenue314606168vacha@edu.tbz.ch;zsXPDbM/eoAD4a5P
286.desireleonardmale8870blainecrossing33221ghanzi@edu.tbz.ch;cZgMN3oyn/Xqtl2T
287.graldinebadgersmale5bonnercourt423197755000pstofiscalrolimdemoura@edu.tbz.ch;1Mr6xyOLG9fwoNBM
288.rumasicmale49544truaxpass28quwa@edu.tbz.ch;2ZeAri30k2A9E5MM
289.aurlieliebernonbinary48larryplace58888xiakouyi@edu.tbz.ch;kPi+TGrQKDwtFj9x
290.nallebalcockfemale8shopkoplaza22131wangjiahe@edu.tbz.ch;bY2WPgUvO0jt8SpG
291.camliaelgerfemale6439stuartcrossing70688000palana@edu.tbz.ch;EAb4NjOMjLzuW8JN
292.publicitoakeshottfemale83799laurelterrace286368625000paragominas@edu.tbz.ch;ih/hfPlp5WSzv1Ur
293.clopatrefawleybigender302kinsmanavenue8319811kudanding@edu.tbz.ch;2veT4sKqWOTZMjqA
294.laurnebruckmannmale5891clydegallagherterrace484812205albany@edu.tbz.ch;wqm0b2utDRrYEsdG
295.ruhaughtonmale8bluejaydrive44235609eindhoven@edu.tbz.ch;iI4+aIH/diuYW7T1
296.saladewigmale549florenceplaza8278lanyi@edu.tbz.ch;85JuaWkaDMgbDpJS
297.gislejanecekgenderfluid1305anniversaryterrace56459sanmiguel@edu.tbz.ch;WczLqejRLUiNTIj1
298.malyloveridgemale4laurelalley5tumpukrenteng@edu.tbz.ch;P4nI25TfXRYmCkan
299.marieveyurkiewiczmale53511cloveterrace661609morelos@edu.tbz.ch;lD/0M3oVUmYJsYP8
300.firoderfemale1091killdeercircle1142580psary@edu.tbz.ch;ec10TqysNp6J7XWg
301.edmechatburnmale730careyplace81429krajan@edu.tbz.ch;P0kTYS50hxnTvACO
302.graldinedarkefemale40morningdrive9360588541elpaso@edu.tbz.ch;Ab+yd7Swgcc3wMCy
303.yjiramale9452fremontway4350080zaragoza@edu.tbz.ch;Qyk8W8xPAtBm3btS
304.publicitpersentmale270delladonnapass6556204maastricht@edu.tbz.ch;Avj0nm3FquDBxrsi
305.sverinewilcoxmale6crowleypass2614750771quinto@edu.tbz.ch;xAoIEHbov31JpK9U
306.yomcclarennonbinary82armisticeparkway927koloniyazastavye@edu.tbz.ch;ELcw5DH9iFXaVi55
307.thrsafoynesmale10coloradoalley02992428urdaneta@edu.tbz.ch;JzInpJhP62wJq2bQ
308.stphanieisleyfemale55927merrickparkway716901lammi@edu.tbz.ch;CliL3Rm9pFr89w7J
309.torbjrngrowymale6036lukkenplace84sungairaya@edu.tbz.ch;mOJ1BlNe9o5Iht1q
310.elosetunnadinefemale56expressplace7713660000portoferreira@edu.tbz.ch;IAvGioLnkoDStzEN
311.malinecossentinefemale14truaxtrail8543418pogwizdw@edu.tbz.ch;OgkjKNXBU1moQ9Ye
312.nliedesantosfemale0487straubeldrive7828kapinango@edu.tbz.ch;LavQXN/PeZu7KSSk
313.gataneaxstonfemale9423clydegallagheravenue9laspalmas@edu.tbz.ch;nh/m8wpAYC/2PzA4
314.aimemermanmale20545atwoodtrail279lembanah@edu.tbz.ch;BMBj34N4WEI7kIiR
315.rjandriversmale65riederparkway89202327ichihara@edu.tbz.ch;7FIB48NUL83AV+l3
316.aimemiroymale47547centertrail528060114norrkping@edu.tbz.ch;Mn5A3mNAqPr+CwvX
317.nlieglydefemale0502caliangtpark097050405cabrela@edu.tbz.ch;T5xKMeSEGCwMyRhX
318.hkankapelhoffemale8131arkansascircle186465829sampacho@edu.tbz.ch;z0ROUaAc/9+zLoSu
319.malysscauleyfemale0211erieroad1691664elarenal@edu.tbz.ch;NxYJHigSu8TdJgJ5
320.elavaggsagender334bonnerparkway9ganchazi@edu.tbz.ch;JSDEqrsedGWxbFCx
321.malysbutmale9kensingtontrail65778840000campoverde@edu.tbz.ch;samb6UNBUN0pxmAA
322.mallaarthursfemale02152atwoodlane16huanuni@edu.tbz.ch;F53P6r6e1oCmMQWn
323.adleliebrechtmale88864hintzecourt77281alueglumpang@edu.tbz.ch;GD0lyhJsu3UBCypz
324.mlinelomasnymale9servicecircle26psevds@edu.tbz.ch;JOO4HbqEAEmBS7oW
325.mdiamassschwantgenderfluid67townecenter8839xinglong@edu.tbz.ch;JtDNhZ+UsusRabvb
326.lonesauntbigender82melvinparkway13426a1csaintemartine@edu.tbz.ch;JoPZ1y0a3IgNcxEh
327.annotsgouchfemale2702donaldpark4858501sanfrancisco@edu.tbz.ch;uvkejIAiDbBqCTPR
328.gatanebowichmale32shelleyalley6006tondano@edu.tbz.ch;DYUyCCUk+aUqwklD
329.alizestrelitzkifemale83717eastlawntrail5727cikondang@edu.tbz.ch;4H1m5gy6L7yhV5fy
330.lonepoilemale23069truaxtrail46023hubei@edu.tbz.ch;K1EOLq4fLn8V7GCS
331.amliesabanmale55899corbenterrace7475769639cedexvnissieux@edu.tbz.ch;ieFS7Y2N9M/oJWzk
332.mrtenmcmenaminfemale633uphamparkway39359affery@edu.tbz.ch;22JRltYZyhd97isO
333.bcassinekeetsmale1676hoardlane87382weizheng@edu.tbz.ch;i17NDfQxbN20Xxw1
334.clinemillionmale76865crescentoaksroad0aanamayn@edu.tbz.ch;GX6n4BpTJE3OG4b1
335.graldinebelitzmale936ridgewaylane3091boujniba@edu.tbz.ch;CETU+UbXjwzH7QVD
336.salommardlingmale270vernonplaza12tarakan@edu.tbz.ch;4C8bk6PvLEw6ZTum
337.mliablakemoremale7monumentlane00181019eldoncello@edu.tbz.ch;1GMKvLDWFzRKnaaa
338.dafnemcaulaymale98862golfterrace82kefartavor@edu.tbz.ch;E6OsfxqtvQEoMEcx
339.garondennettfemale5beckerjunction0koncang@edu.tbz.ch;5qQ6qYbKha2ycPF3
340.intressantlesormale6drydencenter6soubr@edu.tbz.ch;Om5gL7cI+lO0Ey+Z
341.annotewasbroughfemale54673dottiealley817165090105mura@edu.tbz.ch;BNxytqaZOLfcInqq
342.saibbesonfemale5haascenter18929015malaga@edu.tbz.ch;A17Qg+csn54GWrpm
343.malykennealyfemale2563namekagonpass696pujocucho@edu.tbz.ch;9zgvAE8bWE0xYvks
344.ysearesfemale6180weepingbirchpoint238mungyeong@edu.tbz.ch;PB5kripXZa0AshE+
345.athnaharbronfemale4haveyplaza1603612425kosino@edu.tbz.ch;X16MlI2u6BjAHmqX
346.andranneportailfemale56342dortoncourt9deltadeltigre@edu.tbz.ch;r5rp9l55w1Z9nz3z
347.granzannellifemale90crescentoaksterrace891411019amsterdambinnenstadenoostelijkhavengebied@edu.tbz.ch;pfg6s++lQ8ybxs3y
348.graldleathlaymale12711hansoncircle06302huizhai@edu.tbz.ch;G5hHuxr+8Bb8vQ+P
349.andrannechownmale127marquettealley148707tambac@edu.tbz.ch;5G74WaKNmehli7bH
350.estveclementelagender21burningwoodcircle674606419sanvicente@edu.tbz.ch;+dNtApBsi1ANn/sh
351.loneleganfemale1830divisionpoint4tissa@edu.tbz.ch;Adsux+2ePB92m3N0
352.manapownallmale32karstensdrive75kaltender@edu.tbz.ch;lHyeIxLJe0+pwiZ4
353.andrerettiefemale87435butterfieldhill50550002hradeckrlov@edu.tbz.ch;6k2fr3BDTuOudZ0m
354.inskenwrickmale78717blainealley64953fuji@edu.tbz.ch;9nTPIrzcr1v5CY7m
355.mariehlneyarnallmale24431sommerspoint123606piran@edu.tbz.ch;NrJroSjadp763WVJ
356.pmartinmale23cordeliaroad32shajing@edu.tbz.ch;grmAf9GBHg0DCupv
357.rucelizmale4209merchantcourt0416230001bhakkar@edu.tbz.ch;gpJA1Hp6rM5Wl1Ag
358.pbissettfemale36lillianplaza8375503melaka@edu.tbz.ch;e6B80/S48MrYfqdn
359.dswindonagender3beckerjunction06167270khaokho@edu.tbz.ch;1+FLNTqBpu7WCjlg
360.intressantgouldthorpfemale5941dwightpark96hooby@edu.tbz.ch;NQnWQBiPki5na9lA
361.landrelilburnmale4237scofieldstreet357145691kungshamn@edu.tbz.ch;wGcg5MW691KW3d5S
362.bjrnwhalesfemale99136thhill47henggang@edu.tbz.ch;yROIPBC92jVEhpkd
363.intressantdietonmale4765gracelandpark547155310kirs@edu.tbz.ch;wfl3ZfvaSl3w2e83
364.clestineredhillsfemale99homewoodroad18221joeva@edu.tbz.ch;6e5Q3cRKb3EOkGe1
365.tnyakovlevmale6haveyterrace0511369820000canutama@edu.tbz.ch;gU7VbSI1pQ6XhJHo
366.rginemcdowellmale6autumnleafterrace794625644vilaboadobispo@edu.tbz.ch;mnETizaOrX2vO1FE
367.jcoyshmale3005mosineecrossing09404000dubovka@edu.tbz.ch;aq/35/3Kls1c3Zhv
368.rservsofallonmale811eriecourt24tangtuzhui@edu.tbz.ch;ktHsTU/L6gQEI7mD
369.frdriquesobeymale82035merrydrive23832718cervantes@edu.tbz.ch;v84AtKRIVt1Wc+Ni
370.marievegarstanggenderqueer4steenslandpark7kaum@edu.tbz.ch;N/Q0DtP0Tp2ixMiX
371.andrtapinfemale5159carpenterplaza75787409kulase@edu.tbz.ch;5g3KRQ0ceGW0OiqM
372.esbjrneynonmale4hoffmanhill49konde@edu.tbz.ch;9El0dvoVZ7WcfFF9
373.malladuffymale680montereyterrace3328dukoh@edu.tbz.ch;ZI+G/TIYOb7xf+cb
374.landretwinningmale8667donaldcrossing038794474cedexboissysaintlger@edu.tbz.ch;E2WkcSCOjTOtxrqQ
375.mawhittinghamfemale8haasdrive8544200949yoichi@edu.tbz.ch;i549W+FaNo9YYSzd
376.rachleshevelinmale322sunbrookjunction235676834bouillon@edu.tbz.ch;TgZoJjdxlFXFA4Ay
377.ccilemcuremale67640pagetparkway42530009atalaia@edu.tbz.ch;fml6YSxnyQGL7LkO
378.marieveyurkevichfemale6texasroad2magburaka@edu.tbz.ch;4T7JJt4Jjfpjsfcn
379.almrindapaicemale036calypsolane6419010huit@edu.tbz.ch;bXXvNfFDrGuFWVS6
380.rohowkinsmale2forestrunavenue091liupai@edu.tbz.ch;egOr48TOfAgPcZjf
381.srnapackfemale325melvinpoint0057858carepa@edu.tbz.ch;m/9XAv0tCQHB5GXs
382.rbeccamantfemale8portagepoint5jinsheng@edu.tbz.ch;DjhXYmsg6KQEuyL2
383.rservsspitellmale8bartillonparkway463buaran@edu.tbz.ch;AY2QvTVynvLIgDIT
384.garonhamfleetbigender1fiskparkway6runjin@edu.tbz.ch;Eb6RVd2dinlpjQgx
385.mthodekerkhamfemale54nobelroad511047@edu.tbz.ch;Jci4qORLj3ycVb9I
386.plagiecamiesfemale9397jayparkway0xiagong@edu.tbz.ch;Oab+Voe4wEq/O3sO
387.josphinemacpharlainmale78jayway94sansilvestre@edu.tbz.ch;SfwISYQqKxBojc7I
388.eugniemathetfemale82bluebillparkparkway04273mekele@edu.tbz.ch;k16ZbJXywijY5Hqd
389.gatanebranganmale70anthescourt2frashr@edu.tbz.ch;tdu97htMir2JyWZZ
390.michledewburyfemale25516monicacircle50changgang@edu.tbz.ch;HkVniwiK1hVLE0EA
391.eugnieelcottfemale0gracelandterrace898197755gorskaya@edu.tbz.ch;G6DxHux8buIA7KGW
392.mganeharnimanmale4618clovestreet037mugan@edu.tbz.ch;9FgsMCAER1cG2+ET
393.agnscluneyfemale8993ramseyavenue652530009atalaia@edu.tbz.ch;JCtC4qqriTmAcQIf
394.mariehlneangearnonbinary303larryterrace203368530karabudakhkent@edu.tbz.ch;1U54UtOTNp31BaT8
395.mliadolphinfemale58194haganstreet10740160thawatburi@edu.tbz.ch;kFhzUH+/ulhGK4cT
396.losruseworthmale4925northviewplaza028933620025ageoshimo@edu.tbz.ch;uWga07aPZ8VasCyb
397.malysrydingfemale942monumentavenue383144315akron@edu.tbz.ch;NxiWjm0T6aDmiSUB
398.rachlewulfingerfemale278thackerayterrace44067yima@edu.tbz.ch;TFZrCDoczEPv6nf6
399.gwenalletaltonfemale670waltonplace6908dadoupu@edu.tbz.ch;EH+lHGmsVraXMix9
400.lngronchettimale2925vermontplaza65541yangcun@edu.tbz.ch;KzlOXjTvMZb5ajyE
401.styrbjrnkloskamale0talmadgecenter73somita@edu.tbz.ch;MjG4nTImJFJt5zVi
402.lnsudranfemale6920redwingcrossing72872137vsters@edu.tbz.ch;aTYtGe2xNaoXRwdl
403.malleandrysekfemale69272westridgeroad714206santateresita@edu.tbz.ch;lPK/gNHhnEGR9SI3
404.slneseniormale132hallowsplace14916lasvegas@edu.tbz.ch;fm+0GpI6Ni3TBbD4
405.anasjoskovitchnonbinary4126abergpark11dudchany@edu.tbz.ch;6RwLlPMWTJqnkW9C
406.marienoldallymale52409hovdepoint78guanyinsi@edu.tbz.ch;Gqog66asEtUa+ZwT
407.mariehlnelaurencemale85rutledgecourt1banhouakhoua@edu.tbz.ch;iB1Vb/3aw+Q8V/1l
408.camliafoxonfemale24melvinroad8577005676nossasenhorademachede@edu.tbz.ch;6F6gDjkxfUgQs/RH
409.hlnecankettfemale2945thterrace2bojonggenteng@edu.tbz.ch;wgu1Q8L96FQfVbgf
410.mrtenmitchelsonmale74928vahlencenter9410450jastrebarsko@edu.tbz.ch;tXCBKO5tfeNsTHR9
411.hlnastirtlemale9springsstreet749453285milwaukee@edu.tbz.ch;wMFMUlU2v4fjFby0
412.lanebarmbymale09clarendoncenter3biralabd@edu.tbz.ch;ePpibESrX6DuPVqI
413.granofinanmale3haveyalley83376tafo@edu.tbz.ch;GunbxUQd207b2mJj
414.styrbjrnprobyfemale502blackbirdpass3923214501smolensk@edu.tbz.ch;qTZKbmo4aLaVPGmL
415.zohalsefemale38holmbergplace62dungkeklaok@edu.tbz.ch;cwF+KR39GW4zx8pP
416.kudrablefemale4buelljunction71275623cedex13paris13@edu.tbz.ch;W5XJlu6Jtb3t1LPZ
417.desirebamfordfemale117knutsonstreet7tonggoh@edu.tbz.ch;0iJ/FhoQhNYYUnLY
418.zosullermale01golfpass5299301792severozadonsk@edu.tbz.ch;sLiXQ3iPHhBrJ/cL
419.marylneaudissfemale04697portagecrossing6115784120bannasan@edu.tbz.ch;Fy+WEzzoAvaBWeKb
420.adladepoznanskimale0twinpinesjunction8839kambove@edu.tbz.ch;nALUosjG7nXeRvrU
421.mallacoleyshawpolygender196kropfplace056564elmirador@edu.tbz.ch;JbJ7Dgvcy+w5XC4e
422.mariefranoisegelderfemale885scottlane3977187900altavista@edu.tbz.ch;xY/OoQKdJOZf3AOx
423.elonorechaffynfemale777onsgardstreet098000fontvieille@edu.tbz.ch;qOLzcnjOkj2P20Hm
424.clestinesikorskyfemale10pawlingcenter82576dengzhou@edu.tbz.ch;BKrRXLChiXYsvWVa
425.stvinalondsdalefemale09dahlejunction95banjarpetak@edu.tbz.ch;BoyYQSv0vWdd89yx
426.mawennnevittmale0carberryalley172269670000fonteboa@edu.tbz.ch;z4WkfqHjly6zR9a2
427.magdalnegerreymale4logancourt1437126010franciscoimadero@edu.tbz.ch;9LEw2T9Xn/rljj1P
428.bcassinelatimermale19cordelialane594382420369trabulheira@edu.tbz.ch;ZASsbef6E+oQ8c22
429.dlethibridgemale8dennisterrace1053monkeyhill@edu.tbz.ch;5aOuctj4fDQt2bUH
430.malysclaigefemale8charingcrosscrossing049filothi@edu.tbz.ch;T+PyTRZAsefa1/V3
431.manatorbardmale867vernonroad99huangshi@edu.tbz.ch;79bwi300eEzoUdZx
432.solnelyvonmale704sommersplace786723lazarocardenas@edu.tbz.ch;yxGQfHlWfTeQsYcj
433.mariethrsebenbrickfemale46reinkeplace723sokal@edu.tbz.ch;Ua3IKm9eJOwaRJ5d
434.graldedmonsonmale7704everettdrive74067953cedex9strasbourg@edu.tbz.ch;ye5ASw0GVEz+ML2D
435.kemessruthermale5833sommersalley811656944washington@edu.tbz.ch;0Soryx3oMnQAfCd1
436.mngosneyegenderqueer6debralane61salanegara@edu.tbz.ch;hXf5FkRI/NF3Z/AS
437.anasjefferysfemale8greenridgejunction184611amugan@edu.tbz.ch;R/P6H8vwloTGOPr+
438.publicittregalefemale0haaspoint5980764517buenaventura@edu.tbz.ch;FI7hD5lmTVVMfqBl
439.malysantorinimale23manleylane7915683514cedexlaseynesurmer@edu.tbz.ch;jE0e/e4w7U0DrwQ7
440.inspiochmale260greenridgepoint02808losngeles@edu.tbz.ch;egFgx7EMZMY8nIVv
441.nomiemarklewfemale8kingsfordpoint8kasakh@edu.tbz.ch;Zgq87O+Zi9ljece7
442.mghanemaccaffreyfemale1baysidepark8851sawahan@edu.tbz.ch;CnRFgBjgPJkflY56
443.brangreambrogiomale17lakewoodgardenscenter03057zuocun@edu.tbz.ch;xVwBFuQotIrJPowd
444.mdiamassrycemale70merchanthill7huainan@edu.tbz.ch;g88/C+m/OO4BIWio
445.stenubankmale629mcguireparkway9655412016stockholm@edu.tbz.ch;b9KdvQD3+ES8FsZd
446.mlinamackeeagender928anthesalley5majzalbb@edu.tbz.ch;UV7DxAghkbKKj04J
447.thrsalivezeymale00460novickplace493belungsatu@edu.tbz.ch;qZTk+xiwxaAxtb7v
448.clmencewealfemale9baytrail14914780000barretos@edu.tbz.ch;ce86aqADowR4bd70
449.fatesovertonmale012ndpoint3329shangjia@edu.tbz.ch;aHnzK5TTFt+7cuwg
450.clalindbladmale6dunningplaza5537335hornstropnice@edu.tbz.ch;+z430J2wQEHN8qgS
451.josphineroseamanagender590ilenepoint3920tayu@edu.tbz.ch;QN2dZ9lzmjjUojuc
452.stenlowbridgemale85181pagetdrive634sukasetia@edu.tbz.ch;BRGTFtW/WYqMvgY0
453.mariejosebrionfemale53debscrossing6639392747yatsuomachihigashikumisaka@edu.tbz.ch;DPe8bD2RvyFk/JrN
454.thrsebasilifemale456lakeviewstreet16ulichnoye@edu.tbz.ch;mr4lUs7f8Qjz0lce
455.mliavertiganfemale009manufacturerspoint1639409cedexmorez@edu.tbz.ch;GG6vk/m7Z7FfIshV
456.judicalsaullmale49520butternutdrive1457662927belyyyar@edu.tbz.ch;SDhn3EX4lriOjgSZ
457.slnevalentinemale38basilalley606pomabamba@edu.tbz.ch;Z6aGWcXDfVsIpEt5
458.vranedunlapfemale2685greencrossing77seria@edu.tbz.ch;Qm5xjl0EAFkUNdDL
459.mlinekinnearfemale30844heathhill87574nankun@edu.tbz.ch;kDn9gug3ut9sGn6Y
460.liluttgertfemale1johnwalljunction70780100derabugti@edu.tbz.ch;HIb9J5xvb60JUq/a
461.styrbjrnlathleiffuremale51northlandway7binhminh@edu.tbz.ch;noiagXFEzAHUnhpK
462.marlneblasimale9414loganway8396350kashirskoye@edu.tbz.ch;QVKrs1WWFd1ZKSqE
463.mabegwellmale49660mosineelane95518haugesund@edu.tbz.ch;z7rNHTFUWCp9huMI
464.gwenallekainesfemale12emmetterrace3054025cabuyao@edu.tbz.ch;GEuAcbQ87enMg+Ua
465.graldadamthwaitemale376mcbrideplaza7450572321trzebiatw@edu.tbz.ch;y/a9d/3pktP7W84c
466.kuhartfieldmale07351dortoncourt578bernal@edu.tbz.ch;8Vaq/QIu7jMOY+RK
467.salomcurraomale6forsterparkway2849311005sanfelipe@edu.tbz.ch;YhQuDnKbZoDZ8D/p
468.angliquetixierfemale7987warriorparkway22caucaguita@edu.tbz.ch;YadZ6Og1xBv+pYnP
469.jmcgraghgenderfluid46142buellcenter15taoyuan@edu.tbz.ch;hrDeRk7kEDm4NLYQ
470.dafnebeachemfemale15nobelway1861809soweto@edu.tbz.ch;35L3FhI9HogiCP2L
471.crzterlindenmale380lakewoodgardenslane56huacapampa@edu.tbz.ch;dfq7arLHsXvcXTjA
472.umcskeagangenderqueer278bobwhiteroad39597800000soluizgonzaga@edu.tbz.ch;/Ry4DyHnvZgY5SXN
473.edmemccaughrenfemale4buhlerjunction110harnur@edu.tbz.ch;ZkwlSS9vOMA6ouou
474.slgcozbyfemale5emmetplaza31349998242hashimoto@edu.tbz.ch;yjOsSrTbgjxycgkY
475.mlodietraitemale96lakewoodterrace0681guandian@edu.tbz.ch;wGRX7zxVt55G4dJz
476.dorotheaindriumale8726thackeraylane019446490pokhvistnevo@edu.tbz.ch;TNbFqxhZyvA2TL9S
477.daniledoleyfemale3stuartparkway443224200beyce@edu.tbz.ch;hK5EKa9otrMYxWAP
478.mdiamassfaircloughmale2daystarplaza3637fareydnshahr@edu.tbz.ch;tU6aqNtqIeXOCjzc
479.lornerainforthagender07dovetailstreet67410601aserr@edu.tbz.ch;HfeIG0+owlM5DNvA
480.lonoreeyerpolygender27myrtleparkway41091aynalbay@edu.tbz.ch;/Rvpmcy/9Wlv3T+b
481.pspillmangenderfluid49115continentalpark909426540storp@edu.tbz.ch;U/6Mx7Kpand+XLlM
482.cciliaplitzfemale56emmetstreet65208pinamalayan@edu.tbz.ch;AlOtBND4o81FwpAK
483.lorneludlowfemale8codyway46230postojna@edu.tbz.ch;KN7HcBnJPZpalzlP
484.brangreneliganmale43namekagonstreet6873900000posse@edu.tbz.ch;Xhve3wsbiTEVPb0s
485.simplifishugganfemale05rigneycenter26methni@edu.tbz.ch;A/CftGki8cjVpR4i
486.clliaprandymale8825bluestemplace93087lang@edu.tbz.ch;7XgazguZfKT4hA4H
487.keosbangenderfluid62canaryavenue6004saat@edu.tbz.ch;n7C0ZksuuwUbxG8b
488.cungondebrunnfemale0722riversidetrail3394347502bessonovka@edu.tbz.ch;Q58fWJuhkOCNbn9P
489.lnggrizardfemale13662maindrive825086cedex9besanon@edu.tbz.ch;Oa29zNYqMqfJM1Ma
490.mghanedisspolygender884troytrail8508692174cedexvanves@edu.tbz.ch;/N/hWkZFBqtH2iJe
491.thrseoldmangenderqueer939brentwoodcourt0ete@edu.tbz.ch;CHIEBR0AwgN00A0z
492.brjescamerdinemale94071ginastreet967385123yelizavetinskaya@edu.tbz.ch;W6GBY8ASxr83VSTH
493.dsabanmale889shoshoneavenue0368tynne@edu.tbz.ch;I5MqUdjofP70yVta
494.hkanclynmansmale4kennedypoint7827234201humpolec@edu.tbz.ch;o8v2L+2vvJLfVi/T
495.wmacdowalnonbinary4ridgeoakdrive6763618742dobryanka@edu.tbz.ch;I8rxeyU6HI5xWLcR
496.vnushatreyfemale8429pepperwoodplaza6vukatan@edu.tbz.ch;rNLBNfM72JA11TVZ
497.anallevispomale4mallorydrive09182g5hmontjoli@edu.tbz.ch;a0SWVcgWvwPkEgSy
498.mahlieollcottmale795erieterrace366503tolosa@edu.tbz.ch;RRxU4gqzUfzUV1I7
499.mdiamasswhymanagender2084eliotcenter8alkarmah@edu.tbz.ch;3WQLmWAIJNA07Cpw
500.esbjrnbassonmale289jacksonplaza71642460mierzcice@edu.tbz.ch;OLnkCrKWCxKmhhui
501.andramorrillmale30brentwoodparkway223981831valbo@edu.tbz.ch;gOam13tgH1JtytFJ
502.mlysgrassifemale700jaycrossing62905522007chachag@edu.tbz.ch;yrmQlu5cNi+CMk1z
503.lonepoleyemale3lunderlane684104cedexorange@edu.tbz.ch;+yERdpQzkiik3CyL
504.franoisepennyfemale98970mestaway84642250lepoglava@edu.tbz.ch;WP9InEWiS14bv91u
505.rbeccaedneyfemale820buelldrive2sorinomo@edu.tbz.ch;uXGOie2Zh3PK0gAE
506.adlademurtaghmale29littlefleurpass80353cibinongsatu@edu.tbz.ch;HqjsDSCOH9mp3wDt
507.stvinawinterbournefemale488lakeviewplace34ourtzagh@edu.tbz.ch;H+ssHL1ftPMSC6Qw
508.mcottommale37872dixoncenter091678969postelmov@edu.tbz.ch;cw+mEdGvJaR8Q7Pn
509.tnharoldfemale07huxleycenter89452122rayevskiy@edu.tbz.ch;XYc2vHUbt53xLNXG
510.vnusfortefemale4utahterrace78maswarah@edu.tbz.ch;L13aIW5yNI3L3vb8
511.almrindaoluneyfemale3398welchpass110160nongkhaem@edu.tbz.ch;bedhNPqAyuYXnqb+
512.clopatrebrehaultmale690eastwoodlane2467887605lomaalta@edu.tbz.ch;EzVlQcYCBczTK+hl
513.intressantlapidesfemale31donaldcircle88hongkeli@edu.tbz.ch;vJsh04tvTwpMz4HK
514.rservshallattfemale8460corscotjunction11131kbenhavn@edu.tbz.ch;3geRLok+V4TUai+M
515.annotsbirdwhistlemale81554ruskjunction6294089sunnyvale@edu.tbz.ch;zqy9KPM75zRCw4TW
516.adredgemale06313coloradocourt38596suisan@edu.tbz.ch;pg7+p5YA59NbtzgX
517.mganemussardmale98buhlerlane6562442379beringovskiy@edu.tbz.ch;vJjypTTvVaLUeS3U
518.esbjrngowrichgenderfluid6800utahjunction2238huata@edu.tbz.ch;CBPM/nDD1pXZXRPs
519.brjebrislawnfemale0152bunkerhillcourt419654830264sopedro@edu.tbz.ch;BdDXQLLf0r5wa6hf
520.bcassinewilcemale8briarcrestlane3aeka@edu.tbz.ch;XpCaaaA5b8OFzwT0
521.personnaliseoelsfemale443rockefellerpoint233douala@edu.tbz.ch;A56OQ+yxCvD+S/Vj
522.vranepettmale304marquetteway4608530704fukuech@edu.tbz.ch;g3+iNrhg0qNzrg8b
523.marylneglewefemale3lienjunction92tangxing@edu.tbz.ch;wNU4wBYJdly5wu5U
524.lielsonmale27veralane292641330prosvet@edu.tbz.ch;2WmlKZmVNTBT/Zxp
525.srnadifranceschifemale5068fultoncrossing4899560000sarandi@edu.tbz.ch;XvXSV8757qsa1c8q
526.liespinelmale1177cordeliaroad9300607328satis@edu.tbz.ch;dKSSza7lmtrOapEj
527.marylnefantinigenderqueer3redcloudtrail15164klayusiwalan@edu.tbz.ch;8wGtchXDE3tklXzl
528.andrarchdecknefemale7553beckertrail262punaauia@edu.tbz.ch;yZvy6D+Kwakr4yar
529.granbohlingolsenfemale0loeprichalley11ciperang@edu.tbz.ch;k2+r9HqO8jFnLFf5
530.cungondehefferfemale536janalane72745016cedex1orlans@edu.tbz.ch;HiNMHYJ0RB1rE9IG
531.tnfechniepolygender435warblerdrive28638722olszanica@edu.tbz.ch;3KDXl/ySELcnXH9p
532.marienolbrammarmale082manitowishpass33411shaheying@edu.tbz.ch;kd9VI93s/cZmC5wH
533.simplifisavenfemale95313swallowroad5uzgen@edu.tbz.ch;5ClKlMJuazsSf0t/
534.mlyspinchenfemale04148novickroad25polonne@edu.tbz.ch;MZUwpTaOfJh+pSOT
535.edmejoynerfemale5crowleyplace6krasnopillya@edu.tbz.ch;uqSanUh9da//t6Rb
536.brengreedessfemale49465thackerayplace161042141przystaj@edu.tbz.ch;sUe9IprxC/PrmFzi
537.marienolgowardmale3menomoniecrossing3967lcbnh@edu.tbz.ch;HbEMFGb/1Czm5WRW
538.jedmonsmale84mosineeterrace58puji@edu.tbz.ch;R8Lq2UazcsUUr63H
539.frdriqueairdsmale48931grasskampdrive8223kedungwungu@edu.tbz.ch;Ze9x6p1NP7nDQPpS
540.rservsdaubyfemale87902pleasuredrive64borehbangle@edu.tbz.ch;wuLAoEwMu4UH+Vpj
541.hkangynnimale6canaryroad7348bogorejo@edu.tbz.ch;9tEuhzvcCy4+Uewp
542.lonorepinwillmale700kiplinglane031324jagodnjak@edu.tbz.ch;ZUrMdv0RRMXrVDtp
543.marievemcallanfemale7baysidetrail8429fengshuling@edu.tbz.ch;tt4QfkwogE2j77MX
544.nalleyeabsleyfemale27275kiplinghill5646008107cedexcharlevillemzires@edu.tbz.ch;6YBGkS6HNs3iNLG3
545.nliejacobovitzmale6196swallowhill4203027lajaguadeibirico@edu.tbz.ch;akdK8ZdCWQgPg7bz
546.adleconellymale9680spaightavenue628901cedex9chartres@edu.tbz.ch;GLZVaXibzRzbnr6g
547.clmentinedondonfemale7690algomastreet266zaragoza@edu.tbz.ch;/whLpuz22afQIEWL
548.zhwillcotmale10memorialpoint274820005vinha@edu.tbz.ch;61ynNPuiq5mUR5PB
549.chlojanickifemale2320kensingtontrail3097296portland@edu.tbz.ch;17e4W6bmyBg+8VtU
550.mnglindefemale43776colemandrive253kotaagung@edu.tbz.ch;2+aKC9bN+o+uMWIs
551.clinejanissonmale40696foreststreet772491047@edu.tbz.ch;0izqy8REfjDMwM+A
552.clliacrowmale44bricksonparkplace34836t1vhighriver@edu.tbz.ch;GWGBDJU1APqYsHaA
553.ccilepyottfemale478crownhardtlane62450302pedmicenadlabem@edu.tbz.ch;NJO/zxowxhHX5ALY
554.mfidelusmale9davidpoint23956yedun@edu.tbz.ch;mOHtmken2/+cXBg8
555.mariehlnepooremale18thcourt8682kelungkung@edu.tbz.ch;SnD8Q13glwTS0pQb
556.elisblanketfemale2602scottpass7aydn@edu.tbz.ch;CqeIwsIyUhilJSMB
557.yboyermale563gracelanddrive42301113slobodka@edu.tbz.ch;5D99yO5TfOo1SukM
558.cliaweldsfemale28105granbycircle59shaft@edu.tbz.ch;suutxSrQXRGRzHhS
559.dgunneygenderqueer0rigneycourt27novibeograd@edu.tbz.ch;ebVZ7YU4LoarYCsT
560.grelcrushfemale8397michiganlane3bayanayl@edu.tbz.ch;oCorAnn+byt2AEr1
561.mariejosebrosiusfemale8268dapinplaza382620005olivalbasto@edu.tbz.ch;N5Qc1FfgF7Ru0Sfb
562.camliaaddsmale364thstreet21vinces@edu.tbz.ch;R7GqDO54rK795D95
563.anairwinmale83575elmsidepoint42510015adagorda@edu.tbz.ch;bzpxMe11anTYYu4q
564.clopatreskeffingtonfemale1summerridgejunction96oyan@edu.tbz.ch;sKtaBzQGVxvL5FBS
565.graldsuggatemale30340haukroad0627703hornpoaply@edu.tbz.ch;C+hFGvkqeTbb6DQo
566.laurnetailourmale0longviewstreet3956659194motala@edu.tbz.ch;jJGL9xYM6phQkP0m
567.amliehoblefemale890mestalane0066454tany@edu.tbz.ch;p0mKKznGA1oc6VDt
568.vnusgetchfemale2072starlingpoint1367kusi@edu.tbz.ch;TdDq3yVWBxbXqlN5
569.renetrebyfemale37mitchellterrace4712806116halle@edu.tbz.ch;BXo4d9nrwaOURpYK
570.almrindastaitpolygender5942grayhawkcrossing9136alml@edu.tbz.ch;aKGPuGtXxGL3ujqu
571.andrereddecliffemale83066newcastlelane76989sumberdangdang@edu.tbz.ch;7kGzzNp1e95Wkh9A
572.lonewintlefemale606summitpoint3886ngulakan@edu.tbz.ch;XK7pGG4CZWAwcBYz
573.graldfellowmale8637holmbergroad19a1nmountpearl@edu.tbz.ch;CJUMqnE/eeEEzSMU
574.jgudgermale72798muirtrail041363560000acopiara@edu.tbz.ch;JcosmDSiHnlBroTn
575.mngohairemale477schurztrail86311guatrach@edu.tbz.ch;2BXyoWSRNO+GXyRo
576.clopatremissingtonmale1longviewalley95maqian@edu.tbz.ch;C5DuAXdTB0Ay3g0O
577.annotsdebruynmale731truaxway1364082leessummit@edu.tbz.ch;5ebtm75Pp3e/TVse
578.graldsinisburymale5992meadowvalleyway7yanbei@edu.tbz.ch;wP8jHpPtuZOzKIsi
579.crzslorafemale77852dovetailcircle99ntsoudjini@edu.tbz.ch;kfUpT57kWrd8Z74o
580.gislebenbowmale297orincourt340kishkenakhd@edu.tbz.ch;dn+NZQ0CERJP+S5J
581.pldossitmale2dapinlane5yonghe@edu.tbz.ch;TOY7jnPJmu1BBtt6
582.nliestirripfemale7367jenifercenter20j7gboisbriand@edu.tbz.ch;YDxNEbimDLOO7GzF
583.alosocriganefemale9fulleravenue323fierifi@edu.tbz.ch;QZz4prdbl+Q1Jawd
584.kumcterrymale6goodlandplaza0071varna@edu.tbz.ch;IqxMShknf2l/NudR
585.lngwillgossmale04maywoodparkway26022302525staryytogul@edu.tbz.ch;ZkwXrd6EVqzWl8ri
586.franoisesumpnerfemale4mccormickstreet29562140074nekrasovka@edu.tbz.ch;Z7taAX645vkGQf4p
587.malygrinsteadmale6bluejaylane2508dazhigu@edu.tbz.ch;oXzfYwfY0eFh/EsT
588.crzlangerenmale09427rothparkway95869750000sogabrieldacachoeira@edu.tbz.ch;vs1n/vruBYxuZF4e
589.adledungatefemale5304melroseplace17533515cedexlibourne@edu.tbz.ch;1Q+e1fV6VGIY2vSm
590.clopatrenoirelmale99166blainepoint8nangkasari@edu.tbz.ch;mfDuKm/npuvE9Ez4
591.intressantdaverinmale04lerdahlcenter527508004sanandrsxecul@edu.tbz.ch;6LvuYCCWe57gu3aE
592.navakalderonfemale2206melrosedrive49d11navan@edu.tbz.ch;0RK/WOtmdl/ecyIo
593.anasoshesnanfemale83sutherlandavenue108209cedexsedan@edu.tbz.ch;Qx5l+eeFYcEoeVuJ
594.judicalanelaymale804sycamoreparkway203515capitnsolari@edu.tbz.ch;9jvUMqhg0kjy/Tu/
595.elosebraxtonmale3charingcrossjunction781pocohuanca@edu.tbz.ch;OZ8Q9gNT3ATpomGn
596.desiregreguolfemale3988surreyplaza11113shewopo@edu.tbz.ch;GaXbgplj+XWzSXgc
597.matmcclenaghanmale3gatewayparkway941871colegiales@edu.tbz.ch;BrwaGJJz12tCrWww
598.mngdoretfemale05knutsonavenue94352265spokoynaya@edu.tbz.ch;QxiZnr39k2J8Lj0/
599.frdriquechippendalemale4637buhlerplaza5843243radostowice@edu.tbz.ch;5bRRIWSUFIjMi6cb
600.andrannelanneyfemale99sauthoffpass4327voskopoj@edu.tbz.ch;NHhp8rLvsHET2NK4
601.aurlieclausfemale77753cherokeeavenue16694627oakland@edu.tbz.ch;hg88vQFBUutoxA44
602.renepabelfemale373susanpoint101kefartavor@edu.tbz.ch;+Y2s64QdAtyPguU1
603.manaroustfemale7450lakewoodgardensavenue04mtimbira@edu.tbz.ch;ce2AqRCR/ZKrxlT5
604.nadgecarwithimfemale6bluejayparkway304685356sundsvall@edu.tbz.ch;lGiEMudkwswVYgfD
605.solnegeytonmale27860tonyjunction654928360jwani@edu.tbz.ch;x0NAJQE79qiDCTPz
606.dafneavrahamnonbinary1dwightavenue43948dongping@edu.tbz.ch;IKGSo5+VWu9az3gY
607.lanewoolvinfemale5eaglecrestpass31292324cedexchtillon@edu.tbz.ch;qHzZjSQzGLs2/lmC
608.adlemacadiefemale3886sugaralley0banatskidvor@edu.tbz.ch;sHuekYHBBfziaqru
609.mlinerubicamale9claremontplaza77036kagawasan@edu.tbz.ch;0Pq3dtUSBFGxNDxJ
610.marienolspeedingfemale64dwightpass3kampungladang@edu.tbz.ch;kKFL1J+BzKdS2jrp
611.nliemixfemale19careyhill36849macun@edu.tbz.ch;qNot/vr9rRkcdeQh
612.claollettfemale10661sachsalley4764130sisatchanalai@edu.tbz.ch;elQW4zrkTWEZ/5GF
613.landremcgavinbigender94367mitchelllane961zhouling@edu.tbz.ch;AZzQoObaRJf90ODu
614.ccilebehnefemale083marcyhill93616515pusk@edu.tbz.ch;GXicXwvEdeuI8JmH
615.mlaniepollefemale297algomapoint28159viadelmar@edu.tbz.ch;pdBJUIQ6ntnQkb5u
616.mariejosetitmussmale1056summerviewjunction87842304cedexroanne@edu.tbz.ch;0RjFqbIRWHXy3IbO
617.hlnaguestgenderfluid1elmsidejunction28118wolometang@edu.tbz.ch;+gYc+7PMlJfmy3v9
618.annotschicchettomale7caliangtplaza868aoshi@edu.tbz.ch;uTkPQfpdpQZCBgEg
619.mliatubbmale51238brentwoodpark2triba@edu.tbz.ch;qV/p0CEj0uHSXTRM
620.angliquecasettifemale9hansonalley41327heitan@edu.tbz.ch;mXocyR/M9uNqp3ul
621.cungondecleallmale40norwaymaplelane41853naifaru@edu.tbz.ch;8rOHSbIOKjE/5CuH
622.camliaoakermale7528evergreenpoint02501bauang@edu.tbz.ch;ZzrM3cSY7xSdgCJT
623.yusearightfemale5344lakelandlane1739230kalmar@edu.tbz.ch;VBL3KEiLQjepjH8Y
624.kvinadederickgenderqueer6927debscrossing857947retreat@edu.tbz.ch;lYGFfnt6pPCifr/N
625.milnajeffreyfemale8cardinalhill0725laiponda@edu.tbz.ch;j/zakjKGnESotGFN
626.mlodiebarkshirefemale99anhaltterrace8gunungsugih@edu.tbz.ch;hNwqAiV6pz158BJ/
627.gallekreutzerfemale72unioncrossing1246qijing@edu.tbz.ch;67jVqLR47ybhQdmK
628.kallistkleinpeltzfemale1858scovilleterrace45xinzhan@edu.tbz.ch;U4J04m1lYvhktKwz
629.clmentinedanatgenderfluid41cariocacircle827taiyangling@edu.tbz.ch;rAAScgC0SbNJSztw
630.andrawabbfemale8838goodlandhill977caloue@edu.tbz.ch;9895v0NlBDnrcOAd
631.graldinepiesoldmale3689petterleplace43331jomsom@edu.tbz.ch;7/BkUUb/UcGgOcSR
632.tnfiveashmale0diloretoroad53763101bahwalpur@edu.tbz.ch;MRi88gUeLp6OuD58
633.mlineyuranovevmale7melbyroad67379gangshangji@edu.tbz.ch;vcNMUdPuisuujurw
634.thrseholmemale39codypass17162zhenshan@edu.tbz.ch;Sb7+WxFYwQisLNTT
635.salomvaneymale04010northlandhill752165argir@edu.tbz.ch;D2YHS9qXsFQ+90fH
636.anaabramsonmale00beilfusscrossing197orahovicadonja@edu.tbz.ch;jJSJMbuKrbcD9Zda
637.kallistjimsonfemale569856thcrossing7233539ayapel@edu.tbz.ch;7mMT61ggw0Y7CIbk
638.slneyolefemale58jennatrail63548kanigorokrajan@edu.tbz.ch;98s7KqDRVdMQSdZ6
639.agnsdefrainemale6jacksonpark96227sanjuan@edu.tbz.ch;YqdDu3S386ZFUZU4
640.fatesmccluinfemale25338brownplaza52034zoushi@edu.tbz.ch;I5AseGtNhdt2pwBu
641.athnademegenderfluid3492vermontway6zhouhu@edu.tbz.ch;Geo+ST3wwhDGPgGn
642.daphnebrigstockagender9spohncenter469173krumv@edu.tbz.ch;c7A46E6bEwC0PEGW
643.gstaskaiffemale27104jeniferpark4899920478takehara@edu.tbz.ch;RNdsFP75tcclXJKv
644.ocanejagoemale2amothjunction29guanqiao@edu.tbz.ch;6D7wQxrThrXhTjqi
645.annotsbroomhallmale478texasroad7417pechenizhyn@edu.tbz.ch;7aP05+/noQ2GIq7t
646.marieveballendinemale5905farmcojunction54bocadeuchire@edu.tbz.ch;F0tJqk8ZnnGamju+
647.mlinaspykingsagender3503commercialjunction175664810miowo@edu.tbz.ch;2iNS4WFl4cCYE7Sv
648.laurneticehurstmale869helenastreet3908leticia@edu.tbz.ch;rJzmD+mz77OFBDut
649.fiavramovicfemale63rdhill66221688000palana@edu.tbz.ch;C3p1DzSsT0avFWTp
650.publicitstrathearnfemale91014colemancrossing48curahuasi@edu.tbz.ch;EGd+OvI5CZKPLkh5
651.torbjrngarrowfemale184ruskinplaza59betioky@edu.tbz.ch;AqKITidTxtILwZn3
652.chlorubinszteinfemale34menomoniedrive525841905migrate@edu.tbz.ch;QSxOCSkB1XGSxyum
653.mylnedemanchenonbinary33478huxleypoint892wailang@edu.tbz.ch;HrPLol9TPZWp5iv9
654.mdiamassgodlontonmale38156coloradolane9254783santotomas@edu.tbz.ch;PBHQRdfvOzII21AA
655.reneshurrocksfemale945oneillroad27022110rudahuta@edu.tbz.ch;AYEt7K2pTaaDHrkF
656.mawennjedrasmale98735swallowcourt965gumel@edu.tbz.ch;PewaNREd8QcHrR87
657.genevivecastellsmale6lyonscourt2258yunshan@edu.tbz.ch;akgGxl45lv6Tkuvk
658.renesnedenmale2334armisticejunction1changshan@edu.tbz.ch;E/Ay2zuwpesR4N0w
659.limccallionmale5950hallowsway85233patapan@edu.tbz.ch;0u5/+xFRPGOnBJpR
660.kvinaimpletonfemale50057pepperwoodplace6bunirasa@edu.tbz.ch;uhghpaRUtLhoH1DM
661.stenfressonbigender308clemonscenter8141195069mercaderes@edu.tbz.ch;VEDfqiizApuIh2FV
662.vraneshawleyfemale216forestdalejunction858833rosice@edu.tbz.ch;1uYV/nv1Xg0gnWKe
663.usjostromfemale3063riedertrail8427168fakel@edu.tbz.ch;2heFpCxaaO8HzkGc
664.gislegothupfemale98utahavenue32biralabd@edu.tbz.ch;hwioqkmLoMrFU/y9
665.renebeaumanmale732melvincrossing14725wanshan@edu.tbz.ch;HRgwS8yFg5sudRmr
666.elislotonmale9947bluejayhill79000bauchi@edu.tbz.ch;5Fqcm+CqfqZRfvtf
667.valrieelsmoremale82247commercialhill5450kelasuri@edu.tbz.ch;pAt2H+v9uqA/6Te+
668.brangredelafeldmale6340packersalley06032andramasina@edu.tbz.ch;iE9zXQkqRjarhLlk
669.bjrnschimkefemale9manufacturersalley8916248970000senhordobonfim@edu.tbz.ch;+BevY/eYZ39r0Pc2
670.locericssenfemale35739oldgatepark20hongqi@edu.tbz.ch;Pv53AUQsLkQEuN+k
671.crzricharzfemale550monicaway493845250sakaeo@edu.tbz.ch;MjQV+1vwJyuux3SX
672.athnagrocottmale295westportjunction95d6wdundrum@edu.tbz.ch;m/JdPqWSpbVK3T85
673.nallepiotrbigender7284memorialplace1148628210kondinskoye@edu.tbz.ch;hemHRZpsH2nLMxcK
674.mallapaulsonfemale06evergreenalley38346t23cork@edu.tbz.ch;Bwd79YK/SSkaw85A
675.sngperotmale6talmadgeparkway1088623511lebedyan@edu.tbz.ch;8n9htWtcGCiMq2sa
676.kallistheckneyfemale0starlingplaza12jiuquan@edu.tbz.ch;M5ItbCeEUqZ9XgF3
677.kevasyutkinmale418eggendartjunction31mnaka@edu.tbz.ch;a807CSW7fs7gh4rH
678.mcastlesfemale5buntingroad633515cedexlibourne@edu.tbz.ch;wO8HPlb/X70E92+8
679.malymongetmale83uphampoint176832zborovice@edu.tbz.ch;r7P3HPQPoZ3DlI0r
680.tngdurbridgemale98232loftsgordondrive59jiaoyuan@edu.tbz.ch;gpxm3FJmAXuiDgfI
681.laurneandrewmale5832amothhill39186793khelyulya@edu.tbz.ch;YBqZ0D9JxJr3fFRJ
682.lysabeaconpolygender2137sunfieldroad1liuji@edu.tbz.ch;m5miutINDpAn9Sn+
683.landrepeyntuefemale77donaldavenue9470siemreap@edu.tbz.ch;H+WiWpP+lBMm1cjZ
684.rotrevergenderqueer73490florenceplace17301649mayskiy@edu.tbz.ch;pGMUuAjn+/oe2xju
685.mahliestreadermale283galealley9foshan@edu.tbz.ch;SMi2cNcGE0CeK1ro
686.mrtaandrejevicmale3oldshoretrail16339@edu.tbz.ch;tumBLjgK71hnrj0t
687.gstatompkinsfemale06northportpoint60353palu@edu.tbz.ch;WSoo9G85MfnyfAJ8
688.hlnaagatesfemale91morrowplaza831942942sr@edu.tbz.ch;RYprjteHO0O0e9IQ
689.thrseglassfemale8378stonecornerhill199611mamali@edu.tbz.ch;ieKmj6PTgX8QlRrl
690.alosfoanmale8mcbridecrossing52stepanovievo@edu.tbz.ch;RyNiYte9Tch3jkps
691.bcassinemelchiorfemale58392delmarhill2tiratkarmel@edu.tbz.ch;rvPNrgdDTbmdG6Cx
692.clorobartagender14504barbytrail651434730mszanadolna@edu.tbz.ch;TDBwMSpVMIztuhhU
693.danilepuckinghornenonbinary3waywooddrive04202fengjia@edu.tbz.ch;8S0EKI97GK1lypds
694.slnecammidgemale703elmsideavenue425wuyang@edu.tbz.ch;tzqoyYftC9sarVcn
695.rgineconochiefemale0helenacenter85014153huddinge@edu.tbz.ch;p1t6JFJQMZThwGxU
696.intressanttuillerfemale56hintzeplaza6895781hfn@edu.tbz.ch;WAW1TgRbjhgXFJvt
697.lngtiebefemale09packersway90hulei@edu.tbz.ch;XgCINJnihs6JPgIK
698.mnsyelefemale42390loftsgordonalley6041507gteborg@edu.tbz.ch;APf6u7VXjxenu5nt
699.agilesfemale015troyalley854304cedexlunville@edu.tbz.ch;bj+KbAvvPS/xAHqy
700.gatanehamberstonmale6veracenter6vondrozo@edu.tbz.ch;ysVQAi2joxEUIDv7
701.marylnefenixfemale097oneilljunction769331686cogon@edu.tbz.ch;6U/DfE3NYHg5L8XO
702.graldinegraememale7150riederpoint350625702patnongon@edu.tbz.ch;uHNz5pf8CWBiLwGe
703.tngkinglakefemale62011moultoncrossing2drosto@edu.tbz.ch;qYjFvCCSgOQIML3n
704.lichallonerfemale48977northwesternplace69474425sanramon@edu.tbz.ch;lovsDGhGUO2wHhgV
705.desirematteifemale64johnwalltrail43124111721chita@edu.tbz.ch;yLJTVYEtYMj/lxJC
706.keerleyfemale60johnwallparkway060banikoara@edu.tbz.ch;0n60TQMbsKk761dL
707.edmecavilmale773grayhawkcourt9927zakibiam@edu.tbz.ch;wUxab//5mJcwqjtU
708.alosmoyesmale260haveytrail99tim@edu.tbz.ch;xXITTLuLSMGELXCd
709.bcassinepitmanfemale031marcycrossing38020015shimokizukuri@edu.tbz.ch;DJTugn9JKXE3QVN0
710.agiacovellifemale37holmberglane656199sanmartin@edu.tbz.ch;9WvdPB1xiaqIuRQI
711.judicalfruchterfemale2681randyhill4002fengcun@edu.tbz.ch;vA26JJ1Z6AMpNigx
712.mnsmoggfemale76gracelandcircle517dapo@edu.tbz.ch;6x370OuAGsEcWwP5
713.graldfoylemale8657leroycourt1777verkhovyna@edu.tbz.ch;9f2/IfRy+GXnTux8
714.wandrolettimale62135derekcourt8eguur@edu.tbz.ch;DaxojS9ZjohsX3vu
715.mngollettfemale60778pankratzroad340494857cedexivrysurseine@edu.tbz.ch;jk36kmcD74ChClTl
716.nallemacmenamyfemale59438greenridgecrossing4746bakungan@edu.tbz.ch;3Ic6OAvgYW7k7UxQ
717.gislemcramseyfemale9ramseyroad32096jindu@edu.tbz.ch;ChKpaXNwV/BOZ3J+
718.mrylscoltsbigender2eastlawnway7kowingir@edu.tbz.ch;O0i+qbuE8t9VaxKu
719.cliabloxsomemale9039forestcourt079288759emilianozapata@edu.tbz.ch;UknBE5UH7sOH5uUU
720.styrbjrnstukefemale7743careypoint89karavan@edu.tbz.ch;YO699g9IxWVZqUDP
721.fliciegwilliamfemale18alpinecrossing473711102monteplata@edu.tbz.ch;UFllXmzt4rg8VPLb
722.dharmsmale3536weepingbirchplaza786800141roma@edu.tbz.ch;ECc8TQUDmahDsuHA
723.clestinebaulkmale424thiererplaza46868hengshanqiao@edu.tbz.ch;e+oDaiTNHkztiUuW
724.mahlieblackledgefemale09228lothevilleplace88379bashan@edu.tbz.ch;wJ4YBaDhOt3dBE+C
725.mghanesaltfemale14994kensingtonroad5607497urazovka@edu.tbz.ch;UNO3pHXwdc1+J2Xp
726.mthodepaxefordmale07mosineeplaza080tafo@edu.tbz.ch;n1I9WEyzSu7dUzFR
727.slgmilliganagender47eastlawnalley1421853088akademijakaunas@edu.tbz.ch;O0Mjl6XgfFOZzsUo
728.yupellmanmale03085larryavenue267013cedexstrasbourg@edu.tbz.ch;iVXmamCyB/w5UfWw
729.locregenhardtmale28901mccormickpass728072895zeerust@edu.tbz.ch;OMYle3KAK0/uiSp8
730.danilesavillmale90jacksonjunction206villamontes@edu.tbz.ch;xWhWuN4upBee7xTL
731.aloscornumale057packerscenter40890houmen@edu.tbz.ch;aS/MLJlbPCR5uM95
732.stengoveyfemale97lindenjunction93164903novodvinsk@edu.tbz.ch;0rMIzmB23cPB248n
733.marievelouchmale59riversideplace62709101posk@edu.tbz.ch;JzAuOWgakJMWhejr
734.thrsawennmale23oldshoreavenue2308223275ugljan@edu.tbz.ch;h5MZOPLOI7lT19kk
735.andreeulagender0glacierhillalley05743912porsgrunn@edu.tbz.ch;vLq2aPfJ7CHlb9+A
736.lipayntonmale984bellgroveterrace520selemadegkelod@edu.tbz.ch;d1Iw/HxiyeeHFfVa
737.marievegirodiermale0norwaymaplecenter229473201choszczno@edu.tbz.ch;etHILEQNOwwcpw1e
738.marienolsmithemale986merryplaza6weiyanggong@edu.tbz.ch;7CRjLHsxdlQoBSy/
739.mnbootymannonbinary3centerroad24941hayanhudong@edu.tbz.ch;4rLRL/CtEi2Bh7NC
740.ksuggfemale63792knutsonway17311515mibu@edu.tbz.ch;LCJqPbqZDkBXkDM7
741.lucrcerosemanbigender43452vahlenavenue03373110samphran@edu.tbz.ch;m47sziGaOBknj1vN
742.zoannearfemale9934westtrail092860505aurora@edu.tbz.ch;VO3TPiyNTSIJqBio
743.mariehlnerennebachfemale9989ridgeoakcircle24xianyang@edu.tbz.ch;KhWnfJvZ0uJ1Acmu
744.ladjurdjevicfemale28740northwesterndrive78chakou@edu.tbz.ch;cOW+L2uRkmhqnhh+
745.grelrobertmale16redcloudcourt4tianhu@edu.tbz.ch;PIDBWr5yklP8SmSR
746.mylnefoldesmale3daystaravenue59732028mariquita@edu.tbz.ch;ECj0rkusyl9dPMqO
747.fatescleggmale19meadowvalepark870bayn@edu.tbz.ch;S/YFKnx3DFpnOnji
748.marylnecrowchermale1607schurzparkway195helong@edu.tbz.ch;bzQLjhL0Kd+OA19j
749.aimewimpeneymale26kennedylane7v7xwabana@edu.tbz.ch;MBmdPlP9YXtSCCbN
750.reneatkinsmale629birchwoodroad593menzelabderhaman@edu.tbz.ch;GASwF9ItG/ocvkxJ
751.rjanecaineymale5670sunnysidecourt513518239danderyd@edu.tbz.ch;XWZ/P3X8ra2E/6/D
752.solnebritneyfemale582spenserplace1saynshand@edu.tbz.ch;ifvnLe6eKQN8tFyQ
753.mrtenshatliffemale962springviewway5213kohtlajrve@edu.tbz.ch;sW7x/FMbH8o54bQW
754.matissattmale1reinkeroad371centenary@edu.tbz.ch;Z5bS+laHrYelS655
755.malyssedonfemale9springviewhill07pajarillo@edu.tbz.ch;btCJvVWc+ZJLeYi1
756.nubamlingmale830delladonnapark916724425005maia@edu.tbz.ch;TULXjZWKIqFVpIXa
757.anasedardsfemale27sheridanstreet79754aliwalnorth@edu.tbz.ch;7EPkCmXKCiKuqxAq
758.mdiamassbrometfemale60myrtleway31puyang@edu.tbz.ch;VGv02rB/wdGV/sOp
759.batricekimbreyfemale7arrowoodstreet23xinji@edu.tbz.ch;5VoByPezhQYLSgJq
760.inslawransonmale80sunbrookstreet78121715tigbaw@edu.tbz.ch;gA4BLo3VE0xapjYz
761.kallistscandrootmale4825scovillestreet10majiao@edu.tbz.ch;GGYr8at/gJ4WP1xh
762.mnsbarrowcliffemale8193summerviewpark6285009tilburg@edu.tbz.ch;ysZhE6RboyOBbtiz
763.irnecouvesmale5texasway3haduohe@edu.tbz.ch;S7rPBDbdxolqNqek
764.milnamuccimale4laurelavenue3458punata@edu.tbz.ch;g7AEvuqlnyZf2dK3
765.navacowmale0portageplaza458400017estombar@edu.tbz.ch;nxSfpzbf9cksIobz
766.audrannemournianmale07666newcastlealley8474353993novorossiysk@edu.tbz.ch;HPfpdgnUrDbAXpX7
767.mliasinnattmale4oxfordcrossing4778shuiying@edu.tbz.ch;NTLlrcckOkx37Rk0
768.nlieburnardmale7baysideparkway22640705alcaina@edu.tbz.ch;rszkOSaYukGIjaga
769.clliaashfullmale9eastwoodavenue0tambulatana@edu.tbz.ch;ZqiytmVWJVzisZv/
770.limacardmale7293gulsethlane6014j5wlassomption@edu.tbz.ch;McaFUO7nEM2zTTNx
771.valriematoshinmale73geraldlane74600bs41bristol@edu.tbz.ch;wUMErRzNbMzAEVjd
772.analhatherleighfemale04canaryjunction67842turt@edu.tbz.ch;xezRhMIHXn9eS13O
773.intressantwarrattfemale24925waubesapark28177417018elas@edu.tbz.ch;ktWuG/e9DwbUA50+
774.elonorevolagefemale7tonyplace3315247207magisterial@edu.tbz.ch;Et/9YLBuR2POPcIZ
775.zostebbingfemale179granbypass5571knergench@edu.tbz.ch;2FLo0599hRnRP81r
776.alizenyemale00620karstensway40709310kuczborkosada@edu.tbz.ch;E2hnwm5zats9xB6g
777.clestinebramleypolygender55359erieterrace671sijiu@edu.tbz.ch;IbuTVThOwy2wbzmt
778.slnephilcottfemale978weepingbirchdrive5868092804cedexputeaux@edu.tbz.ch;H6+1iWhHcKyGMPFw
779.tngnewensagender37laureltrail562156309cedexpontivy@edu.tbz.ch;9JtK/+4PgpXvYtYZ
780.annotspowysmale78731stroad71285bohicon@edu.tbz.ch;A/dfKo86IdgylSiD
781.lamatthesiusmale801stavenue28125012quarteira@edu.tbz.ch;rOJGgo8oAEq1P9Ki
782.illustregarlettfemale32241mccormickroad9012435042caxarias@edu.tbz.ch;ZeNsr7qvUPQFTKfY
783.mawennmeachemfemale8976prenticepoint657272428urdaneta@edu.tbz.ch;E81iL0cwo75eWyFs
784.mariefranoisemcbradymale229arkansasdrive59184755192devesa@edu.tbz.ch;QqMYGEFugOvd1UEM
785.illustregimbartagender77513lindberghpass2129401bakovnadjizerou@edu.tbz.ch;yQD97bOVU5d5yk/0
786.mlyslyosikmale2bartillonroad5975karavan@edu.tbz.ch;qIQlw3zyCkF3HIQX
787.marylnemcnabfemale22iowadrive02guanshui@edu.tbz.ch;J+e8mSI1rw12ni/s
788.graldblountgenderqueer7148maplecrossing816naberera@edu.tbz.ch;aW0z9wAhoyCqRgiA
789.clliashakeladepolygender4troyparkway100932530327zambujeira@edu.tbz.ch;eG6lVX+ySO+J6WBO
790.pnlopecridlinfemale1petterlelane55285l8711boevangesurattert@edu.tbz.ch;dpQN2i0dP+rYdeXz
791.manaokuddyhymale7265huxleyavenue1441045@edu.tbz.ch;vbZdVNTXM0Dqm3Fc
792.athnakeyndmale2458carberrylane211114lasmatasdefarfn@edu.tbz.ch;dFohxhfZx2Fu22Ka
793.clodwinemale29037delmarcrossing3728camatindi@edu.tbz.ch;HgmomkpQR3iIvIxF
794.josphinebrowettfemale4johnsonalley348wenfang@edu.tbz.ch;iN+Xl3BmjIvdd91r
795.audranneoscanlonfemale2982orinpark0853288karlobag@edu.tbz.ch;TvJPps7Y75TgAD9a
796.fijeanequinfemale1781stplace90meilisi@edu.tbz.ch;WbCLQ18tt+u+0svG
797.losgormallyfemale1haukpark412yangfang@edu.tbz.ch;9W7uVExWSfTgKNWP
798.mariefranoisefinniganmale10herminaroad24520608kualaterengganu@edu.tbz.ch;8v85fgRk4ny1ZOA5
799.lonoretrussmanfemale44chinookhill3tulung@edu.tbz.ch;U3V8zVcor3Ra5jQu
800.analletrumperbigender0forestdaleway9990uge@edu.tbz.ch;F/UHWWwyfKttSYeQ
801.clmencedionisfemale50388haukpark0taihua@edu.tbz.ch;yU/oo2lc7YdBek4y
802.lostranmermale5874thterrace26songgui@edu.tbz.ch;nspmQ17fR2+0yGQt
803.intressantvolettmale78993packershill90jianshan@edu.tbz.ch;/lSgQUTwUe+NqGZi
804.personnalisedeackesmale01466ludingtonhill65657piskivka@edu.tbz.ch;kMPVkj8ZWuudjha3
805.livasiliufemale349daytonpass67tanggung@edu.tbz.ch;KA1W+rEp9+aAskbC
806.dafnelamputtmale34starlingpark2xinjia@edu.tbz.ch;WVDtHGbwBd8SoylP
807.elisbromigefemale48422canarycourt67pingtan@edu.tbz.ch;ERkqJSeluyKTqrzI
808.hlnaklosserfemale337badeaudrive8147575205dallas@edu.tbz.ch;b+3FSTo/9wvoM5Jo
809.andregrimfemale69012bobwhitepark5450mari@edu.tbz.ch;aH81PDLrsEyrVpWF
810.vranecoldbathfemale23montereyalley01kaltungo@edu.tbz.ch;01TNRtZjKygwrAjY
811.hlnabethellfemale99sunnysidecenter3jomboy@edu.tbz.ch;ttuQM+CLr+bmIIOM
812.kallistcarefullfemale97dortoncircle86814shifan@edu.tbz.ch;HbtXl6lV1jAquFdW
813.rgineodamsfemale5ridgeviewpark972468vsters@edu.tbz.ch;3/n8PT32xt+eHqUD
814.lnstannusmale9careystreet3193bududa@edu.tbz.ch;/94Ig5EWAo3Uhyfu
815.angliqueworksbigender97lerdahlparkway841dazhongzhuang@edu.tbz.ch;Dn46CG2QubiLAyJG
816.gstarheaumemale82hookercourt7651070malayal@edu.tbz.ch;lbhLC69BbmgUrqJM
817.malystynnanmale1southplaza91kulykiv@edu.tbz.ch;8VLyVSwihlvzZaVm
818.mallecarlesimale8janapass343775700000catalo@edu.tbz.ch;7Ic3Hrzyye0R8GRv
819.analspurdenfemale52261hoffmanlane89572509balaoang@edu.tbz.ch;TccsWJHaNmoGeLj2
820.hlnepumfrettmale71286redcloudpass1067013cedexstrasbourg@edu.tbz.ch;aMgW/0xvp5aJ6jYD
821.grelpearnmale8declarationalley977dongguang@edu.tbz.ch;o7VsaWkOLFKeuhd2
822.laurliedezamorafemale05392meadowridgepass13328cabagan@edu.tbz.ch;pIWhHaSM/ql3PR2v
823.yotwidalefemale4511hayescenter88723malabugas@edu.tbz.ch;WdYh7omIzYSCvt2x
824.brengresolagenderqueer60riederstreet162xiyuan@edu.tbz.ch;E5Xk7lwuO7Teq9w5
825.malannhardistrymale81487magdelinepark236190000badulla@edu.tbz.ch;XvK9JU27ZLuttlkc
826.sverinelittlefieldfemale99autumnleafpass6670148rebro@edu.tbz.ch;IRwo3PhNatNGgkON
827.salomheinlmale4986codycenter68735nuevaguadalupe@edu.tbz.ch;+sbGAEW2tThRjBvf
828.mrylwarbeyfemale190lerdahltrail90757cuchumbaya@edu.tbz.ch;o6sgo9lyjksl1DDs
829.dhunstonefemale35anzingerdrive9898sambir@edu.tbz.ch;vR5ZwYK0TsLhILkW
830.vnusbroadburymale194summerviewpoint37924419hinapalanan@edu.tbz.ch;hfhHLh/N9lq8NrAd
831.mghanerentelllfemale299maywoodcourt21niutang@edu.tbz.ch;7BZ4aRzSsAnL2An8
832.marylnedrewittfemale6littlefleurroad41450jiaogong@edu.tbz.ch;o4z0s1s369ohRZlw
833.mlindajacquemetfemale410granbytrail24608gunziying@edu.tbz.ch;KI+k0lYjuaCjeVpq
834.mariejosekeydenfemale7050galetrail438kertahayu@edu.tbz.ch;9yEofWh9rXQIGz7r
835.slgmontacutemale326pepperwoodcrossing42592419malabago@edu.tbz.ch;9QR+OlQYAToMjlDc
836.kandreoumale4771waubesalane5433456404timiryazevskiy@edu.tbz.ch;+ewWjAxRDKxDxHca
837.personnalisefeaveermale3derekplaza5281belsh@edu.tbz.ch;15xLaB8kbtkdkoJ2
838.lalaemptagefemale1812laurelpass2406211550minuwangoda@edu.tbz.ch;oB+Rmpnj7Cxccwul
839.bjrndawdryfemale39782sundownway13xianglan@edu.tbz.ch;4robN1tuLSSfNDcc
840.marievedinsellmale7schoolpark0321217margos@edu.tbz.ch;ZWQbkz2sIF0KORr5
841.hlnefollettgenderqueer3593basilplaza402kiruru@edu.tbz.ch;cr25kcYvJSGU8pz0
842.pnlopecorderomale08canarycourt435683358apstoles@edu.tbz.ch;2Bp1VNo8evD71Is7
843.brjebeedellmale188randyjunction34710516cotu@edu.tbz.ch;R8HZI9FkCUdEVUoh
844.nliefernefemale583ramseycircle1146140000livramentodobrumado@edu.tbz.ch;n4I+MuP06PJdXP+H
845.clineahmedfemale6saintpaulparkway0567shangmachang@edu.tbz.ch;TdKK/ElnpMZTpkOG
846.stvinapimblettfemale802782ndstreet847154950pkpattan@edu.tbz.ch;YyBcJ/ZqgntP+ytr
847.chlolanglandsfemale30040melrosecourt24624yaopi@edu.tbz.ch;OvOJ3lZjYTNFT1EQ
848.simplifismaudefemale603northridgeroad169882430024amieirinha@edu.tbz.ch;CtB26HV6YEfDF1V+
849.genevivedecarteretmale43931lukkenplace122908charlottesville@edu.tbz.ch;lXwut9DgapPETg8d
850.marylnemughalmale94755glendaleterrace5736714ede@edu.tbz.ch;/VX7N+XOw3JDzrnY
851.granguttridgemale60colemandrive3879florida@edu.tbz.ch;ciG2vCDvCsWcrkA3
852.michlesmurfittmale09009namekagoncenter9120ngawen@edu.tbz.ch;Pk3BRWWH5NJ7hOtp
853.mthodehadekemale76portageplaza38tabouda@edu.tbz.ch;ETzM8BnF/rYdZp0F
854.thrserispinefemale4ravencenter88726aku@edu.tbz.ch;UofBINz0B+U21Nqp
855.grelplumleymale70742eaglecrestpass754iquipi@edu.tbz.ch;svkoo6ACYbJ+B53T
856.ocanefriettfemale37badeaucourt46088zhagang@edu.tbz.ch;/3RFiju/UtT7dJzK
857.marienolachromovfemale53938amothalley36214guihulgan@edu.tbz.ch;lgjoV4N+bnMhx6do
858.dorothestorekfemale408thplaza8356472008aracataca@edu.tbz.ch;cG+x4xx9diyE7xb3
859.gstawhittlefemale657ackercircle265034600757aldeia@edu.tbz.ch;dm5F3FSPh8egncQx
860.desirecaselymale64869elkatrail7392000452alqueido@edu.tbz.ch;2t50TD56qhteRVO2
861.fliciecondonfemale414janahill7974320barlinek@edu.tbz.ch;rz2fxrdgRfAYVt7p
862.malyssfrisdickmale137mestaroad53sumberrojokrajan@edu.tbz.ch;j3zAwleBnG2VMACj
863.aimebankemale8783debsstreet72274210subusub@edu.tbz.ch;hMcJre1pII+FaJvR
864.navahodcroftfemale92buhleralley294loja@edu.tbz.ch;0k2MInx+qrbciqaJ
865.lalagerransfemale7439milwaukeejunction2622659607pervomayskoye@edu.tbz.ch;ThstQApI5k6Y9sUx
866.danilescrimshirebigender12934muiralley42daqiao@edu.tbz.ch;Rc0lfq1s8s7VrdNf
867.daphnesheerinfemale885loomiscourt845200111chino@edu.tbz.ch;LvyGhd2nEFqlKJee
868.plvanyukovgenderfluid9071thiererpoint0040079950000navira@edu.tbz.ch;ygwzP5wWSepgT0ye
869.zochildsmale96143badeauavenue5505604jasieniec@edu.tbz.ch;1SgQxe3b8UfPVr1r
870.acordemale8667dixonplace087xinpu@edu.tbz.ch;aL5xWfARKeX90i7J
871.malysberryannmale21357pondpoint9115900000taquaritinga@edu.tbz.ch;FZioHpQ2QedGKdCF
872.clogladdingmale518clemonscourt942420369trabulheira@edu.tbz.ch;Z9Dz99mVV4I3SffV
873.wkinnairdmale939harpercourt726kentongan@edu.tbz.ch;U7oIjYRna74sUCeH
874.publicitbrittonermale33barbycourt70898hanam@edu.tbz.ch;5YxWzL0MTHvHHS2y
875.rowindressmale786farragutalley9546huangnan@edu.tbz.ch;KlYR+y8Vzyqn6Kfd
876.ukollachmale3onsgardroad0385130065ervedosadodouro@edu.tbz.ch;dPFt8BiOe4dwTnpa
877.josepeskettnonbinary3rowlandpoint533moundou@edu.tbz.ch;d8fXK7ImpSTZ+UeL
878.annotehaselfemale1106colemanlane879coyah@edu.tbz.ch;bn8QYkAU7l8Y0oE3
879.cinmaleemale7242jaycircle464unden@edu.tbz.ch;FQ6YiIiM4TawtivY
880.livedeshkinmale7delawarealley21watulimo@edu.tbz.ch;RCRWoKiQX6ly0X2n
881.renebrisbanefemale97310surreystreet48120songshan@edu.tbz.ch;4SS2iGGTwc7E/OOe
882.ophlieblincoefemale30188talismancrossing6548rancabungur@edu.tbz.ch;JOQX6t7NcwiqRmJB
883.zhprazorfemale46lindenplace3650gor@edu.tbz.ch;/xvB+Ke59LTSUg9d
884.annotemaddicksmale5664mainpark725pohonsirih@edu.tbz.ch;P1NBzczjioNxqfd1
885.malysscoddmale06lakelandpoint02630453hannover@edu.tbz.ch;Eii24KM8FrzLcddL
886.cliapeplayfemale3903loftsgordonjunction5583horodne@edu.tbz.ch;YsVIvdXZFY2fzrky
887.intressantskonefemale839corscotterrace068516435kista@edu.tbz.ch;qRvNXlSY1FGRjjPS
888.audrannehebdonmale57617thompsonalley6304lukou@edu.tbz.ch;8QsT6qy1NlFFlHon
889.ocaneglenfemale6075thalley03770luorong@edu.tbz.ch;sCZh9LcGuXo6EEko
890.danilevanyushkinfemale366nelsonhill46260072maizuru@edu.tbz.ch;YhhZpqkMV17QJ9Ur
891.daphneaycemale0922grasskampstreet75155shalizhai@edu.tbz.ch;osX0NjUcToKgRZFA
892.andraattridemale26lafollettedrive413480000limeira@edu.tbz.ch;XJRu/r7TmAJl9S63
893.pnlopebridgwoodmale0963starlingparkway099277493katy@edu.tbz.ch;wdZg6Wb4K91mVgE0
894.malisdrewittfemale54stonecornerpoint29232008momil@edu.tbz.ch;+2YS2W510P5WRg+9
895.pnlopemollenefemale8921hoepkerstreet2225knjazevac@edu.tbz.ch;KQcLEOsAQJxyeB7f
896.illustrekeelyfemale00lawntrail6269404ninove@edu.tbz.ch;greh8hKZn8iBjoK0
897.mngbrisseaufemale37265arrowoodavenue7311808sabanaiglesia@edu.tbz.ch;CZN3dOGwohlq/f3+
898.rucleimentmale102maywoodcrossing417350000igaraudotiet@edu.tbz.ch;qEzfXHPpXJmtNlsY
899.matkrammermale66432monumentcenter9293646860odesskoye@edu.tbz.ch;E9gy8IGGWYzwLGu3
900.geneviveverryfemale42437superiorcenter37wanfa@edu.tbz.ch;W0F3MQewezUFWwJZ
901.laolochanfemale85chinookavenue5636366502goyty@edu.tbz.ch;i+vrKD2soWCNGh+1
902.nallebrunnenmale93755porterjunction714309670bultfontein@edu.tbz.ch;yWAzFDFqmipVNV7r
903.gstabraggintonfemale731marcytrail23342gornjigrad@edu.tbz.ch;dq/AXMP3v4s9V2ZS
904.fidanilyukmale755dapindrive0742623795pokrovskoye@edu.tbz.ch;KZvsJilzSj1d6vzN
905.adlieturbittfemale222warnercenter27177303320zmiyvka@edu.tbz.ch;mOFx00V3iRLwAPHq
906.marylnenutmanmale38gulsethterrace789bansuhayl@edu.tbz.ch;BdUzkdVYFVR+aJ+A
907.thrsebarbrickbigender070northfieldlane475050365portela@edu.tbz.ch;4v7CyZ3ycUyTnw1L
908.mlyskolodziejfemale9335bartillonplace509petong@edu.tbz.ch;K8hvgxdlgnBqschY
909.mlanierunchmanfemale3saintpaulhill8dolores@edu.tbz.ch;cHQnaUbtsNj9bl/6
910.srnalafondfemale494weepingbirchcircle65351zinder@edu.tbz.ch;jAghkTuINjR8t8jA
911.plagiedesmondmale906mockingbirdpass50027jiuheyuan@edu.tbz.ch;FL4jEejdMiDNq0f9
912.wspickettfemale28gracelandtrail44427cimuncang@edu.tbz.ch;vzTXxgXO/iXlgd0v
913.pshavebigender4709darwinroad0596556924kunina@edu.tbz.ch;i9bdxnuMLarWpg9J
914.snghuikerbyfemale40twinpinesroad2006202038sandiego@edu.tbz.ch;lYxGB38uuke8q1Q+
915.mlindabimsonfemale771almoalley326weifang@edu.tbz.ch;BYdZRbnaRg0gPDwO
916.personnalisetoffanellifemale334swallowpoint1428apopa@edu.tbz.ch;kcVybuSncsUL8xVe
917.landrehurnmale391katieterrace423203richmond@edu.tbz.ch;KaUlUm+33AQmLbuq
918.stenstandellfemale86newcastleroad208480maciejowice@edu.tbz.ch;9qggkIl2D7jaJxU0
919.nallesmalemanfemale34641fairfieldtrail650marka@edu.tbz.ch;W7k3BmKA/nV2slN7
920.brnicetaytmale460algomapark5695870221rebro@edu.tbz.ch;zWQODsQSK4CHOQna
921.kupopplewellmale56599northwesterncircle48465dongan@edu.tbz.ch;u4IpLdVctU7/dO2g
922.mlodieferandezfemale60691butterfieldpoint37256250000trindade@edu.tbz.ch;z/yNap2Zk1bWUEaR
923.josenegalfemale88bunkerhillparkway147979017lasheras@edu.tbz.ch;6+X9teylUMdZU4se
924.mlissandreferrellimale0daytonpark09901man@edu.tbz.ch;r9HTm20oyQPDLtqY
925.josphinekemmerfemale79ridgeviewplaza7733895054ksawerw@edu.tbz.ch;gC9TszxGhDibda5c
926.malycayettemale21574northcenter678zungeru@edu.tbz.ch;7cOl1db78QLOsESn
927.nlievelafemale0melvinparkway9866srono@edu.tbz.ch;WJinLrc+TVk3rBJz
928.mlinacortesmale56rowlandplaza41566sanli@edu.tbz.ch;ANEXfA40MLUz6YSb
929.mganeleyshonmale0753tennesseecenter5guojiaba@edu.tbz.ch;z8ftNGrBrvOSlW4r
930.rgineharriepolygender511stway26975shisandaogou@edu.tbz.ch;DCxOHOQiLPCkR/9O
931.mylnewiddisonmale88668kennedypark846139peddie@edu.tbz.ch;fg3Vn2W3durSgkqo
932.plagievivashfemale73norwaymapleway47319601hartola@edu.tbz.ch;d+BX1GL5zdmpdZMA
933.styrbjrnvicareymale47453corscotway80613384mikhaylovka@edu.tbz.ch;5etUvUoAhNEeGQlE
934.lngkylesfemale2795burrowspoint76576drybin@edu.tbz.ch;ZwM2DeWvUxR7Unyz
935.stphaniegippsfemale73188kenwooddrive47bogo@edu.tbz.ch;xGFST/FP18rD/Ho5
936.claconstantinemale10259goodlandstreet38867sanlanbahai@edu.tbz.ch;EoM2Y1Qx3haeB6eO
937.mallacomettobigender0339lakelandlane43443duyure@edu.tbz.ch;rO0TCL0OpMxpf095
938.lalaaubrunfemale61870eggendartpark6624625604lourido@edu.tbz.ch;zvy4unm2SP6zeZvr
939.yoaustinsfemale99015butternutparkway216625516antipino@edu.tbz.ch;zOtQczxvBNWB+qgZ
940.malysrylstonefemale7commercialpass38241merke@edu.tbz.ch;Xcbn3e/wS+WNl79l
941.adliecuruclisbigender311johnwalldrive612548380813yorii@edu.tbz.ch;ENODePUMsVtcBC0N
942.clinelonghurstfemale9454lighthousebayalley944huaraz@edu.tbz.ch;sxuq7qOSmUlKjZDu
943.gislehazellfemale111almohill5xinmen@edu.tbz.ch;WcowBn0tPQAv1Clu
944.clestinecicconemale1parksidecircle444770000pindobau@edu.tbz.ch;WFBOG5VzWOiQ5ZF1
945.malyssdoolefemale7678holycrossparkway817457134bobrovka@edu.tbz.ch;R+x970Kjmauz62Um
946.hlnegrimsdikemale323eastwoodway201deltadeltigre@edu.tbz.ch;V1K/XLwqHinbSczW
947.limacermale75loomisalley1257622230wolauhruska@edu.tbz.ch;YnaibPXIG4pSg7/p
948.malyizardmale9851hoffmanalley269906254cedexmougins@edu.tbz.ch;k6rAceEig+WQCzO/
949.erwibreewoodmale72549waywoodavenue131981comilla@edu.tbz.ch;ER9TMrWupzXai4oY
950.chlowoolfordfemale01914arapahoecourt8125006helsingborg@edu.tbz.ch;JZdfxRg50FmskvlR
951.clopatreturpinfemale28853prenticeavenue1nanhuang@edu.tbz.ch;q8kuuxfdFTcNs91k
952.mlodiesurgisonfemale627lakewoodalley8706000000osasco@edu.tbz.ch;mCECA4o+6PHPA0ke
953.elisleandermale43145ronaldreganstreet9qarhalll@edu.tbz.ch;CRHI8LM+4Ql70yaa
954.mdiamassreignouldmale69122susanstreet12taiping@edu.tbz.ch;OjAYTXWVWP+eFcXt
955.clestinewasmuthfemale104arkansaspark40hanban@edu.tbz.ch;fBvXnRZQLUga/0Ha
956.mrtenjervisfemale880sunbrookstreet392517350000igaraudotiet@edu.tbz.ch;vTCkwhm1aj5NtAqn
957.daphnebourmale7bartillonplace11121lalima@edu.tbz.ch;H/CPCWiz/FJJY2Zl
958.rgineharlettfemale4ilenelane3georgetown@edu.tbz.ch;G+RyVnEAbqQET4Cq
959.nomiemacaskiefemale258goldenleafcrossing2maripa@edu.tbz.ch;ze8O97dnxL4dGK+1
960.locrenfieldmale7sugarparkway5729tolitoli@edu.tbz.ch;vNFx9o+8l0o18OzI
961.vnuskleinertmale4401hoardpark02173017bulacan@edu.tbz.ch;OjgqwK4tfN0/mQXQ
962.mrtenburlaymale41281barteltroad164628800000riobonito@edu.tbz.ch;gxegWMFg37qU1BPy
963.brengreradsdalenonbinary4meadowvaledrive20790lolodorf@edu.tbz.ch;jP/keu38z/vXKhOw
964.geneviveduckitfemale243mitchellavenue852knjazevac@edu.tbz.ch;BxOoAWl6HAidmJex
965.malyligertonfemale80rockefellerpark7baleber@edu.tbz.ch;ArVzF88iuS1HfbI4
966.malinericciardellimale4pierstorffplace471151tarusan@edu.tbz.ch;wmNaRDFmMU3Q0D6h
967.personnaliseyggofemale69594eskerparkway0643700000simesfilho@edu.tbz.ch;kRVjsEFPeDYT7/nr
968.alizepettingerfemale2mosineecircle47966yalukou@edu.tbz.ch;TJSvf0x8pJ2TxZOt
969.desirecurnnokkmale28535fultoncircle71tomaevac@edu.tbz.ch;m426Uakxx+BHmpeg
970.dorotheminorsmale6125almolane51721hongkou@edu.tbz.ch;BDjtHhWvSd30DNCh
971.ocannekopmannfemale729truaxpass1224205laprida@edu.tbz.ch;ARC+I+7O8L9J/rLF
972.almrindabrodbinfemale006melvinway7534294cedex5montpellier@edu.tbz.ch;EeCYoDXt29VFRJcG
973.ynoracarsbergmale40reinkecourt1697215119vyazma@edu.tbz.ch;73Q2R5ECwDcx0IeP
974.wbeetlesbigender061barteltalley083tangjiapo@edu.tbz.ch;aTycv1JfG6SPrwJB
975.audranneabbotmale7393crowleyhill657240101heredia@edu.tbz.ch;R6vPrQEVAzyREy9m
976.nomiecapperagender43manufacturersstreet2zhouxi@edu.tbz.ch;pGWo9ZnUFMQNArd5
977.mnsabramamovfemale8871leroypark94990565soutelo@edu.tbz.ch;4v6gJA1TMPgU27ha
978.audranneblakeymale3kedzieway91530654oslo@edu.tbz.ch;N471G8TcISZvwQrq
979.loneklimpkegenderqueer5285alpineplaza66271wasogolo@edu.tbz.ch;U9/gY8eD5NNV8BxA
980.licrostonfemale722johnwallcourt1xitan@edu.tbz.ch;vBqKm2KeKDGnwUF0
981.anallebaistowmale399randycourt22750xinle@edu.tbz.ch;6B1GJpoiZfHXvPgi
982.michlegarwoodfemale0253rdtrail779ikalamavony@edu.tbz.ch;h95uolo0HbfskooM
983.intressantalbionmale5pierstorffcrossing07mamara@edu.tbz.ch;5wsepUF9oH1IoVwh
984.andrbriscomale185kiplingdrive872sambilawang@edu.tbz.ch;2sD0iIjab+jaKst1
985.tngtotterdillmale15529ponddrive84arosbaya@edu.tbz.ch;A98SRkWcsw+lXqsR
986.mariejosebraundtfemale4goodlandcrossing85730507piedras@edu.tbz.ch;avn4qvTcjb3MI+Ay
987.losgalerfemale08257tonyplace08394karanggeneng@edu.tbz.ch;+ZX4kaJQzEjcAGgI
988.fatespellamonutenfemale4680highcrossingdrive35235nanjie@edu.tbz.ch;gLxA8rfDekAFeG1G
989.mabarffordfemale5ruskcircle917nereta@edu.tbz.ch;tVlhCGuEgZKMH/Tk
990.laurnemacilorymale936bluejayway14571kudang@edu.tbz.ch;LzLLXPv2+4kQBdSU
991.elapeakfemale5187florenceway652geidam@edu.tbz.ch;0e8Opo6KuqXXxx2V
992.rjanedonimale55624superiortrail14313sannarciso@edu.tbz.ch;W7fjfcKYJpTbtPZJ
993.mahlieectormale72oldgatepoint876101cedexrouen@edu.tbz.ch;7h2P2UlRXGrg3oe4
994.rachleallummale796anniversarypark66kukulu@edu.tbz.ch;mw9gW/W6S/nFlvI2
995.lalagerretsenmale1408continentalplaza6662380407louriceira@edu.tbz.ch;T4Yj1eUSNjpL6zFC
996.insbowmanmale8855sullivancrossing762cibatuireng@edu.tbz.ch;G2sH4PNb6j2pY4WN
997.publicitbarbarymale0037warnercrossing224puncakmanis@edu.tbz.ch;xT3RGy1a1/WhEySF
998.malyssmoothgenderfluid0arkansasavenue98t9sathabasca@edu.tbz.ch;NQimnr3EoXvfRicQ
999.malishuguenetmale270morningstarparkway17190quanling@edu.tbz.ch;S/4rMBATBAlOjBWL
1000.laewerfemale7doecrossingavenue549002patrocinio@edu.tbz.ch;bTctx7XeJVKWyngD
